Title,Height,Money
Çağla_Büyükakçay,1.72,417405.0
Amir_Hadad,1.82,251884.0
Amir_Weintraub,1.88,370785.0
Amos_Mansdorf,1.73,2412691.0
Amra_Sadiković,1.86,146419.0
Amy_Bowtell,1.91,34664.0
Amy_Frazier,1.75,3460799.0
Amélie_Mauresmo,1.75,1.5022476E7
An-Sophie_Mestach,1.7,296060.0
Ana_Bogdan,1.7,112963.0
Ana_Clara_Duarte,1.63,96178.0
Ana_Ivanovic,1.84,1.515561E7
Ana_Konjuh,1.74,582998.0
Ana_Sofía_Sánchez,1.62,69175.0
Ana_Veselinović,1.73,49493.0
Anabel_Medina_Garrigues,1.69,5830248.0
Anand_Amritraj,1.85,332133.0
Anastasia_Myskina,1.74,5606725.0
Anastasia_Pavlyuchenkova,1.77,5582678.0
Anastasia_Pivovarova,1.82,378134.0
Anastasia_Poltoratskaya,1.66,53096.0
Anastasia_Rodionova,1.67,3139356.0
Anastasija_Sevastova,1.69,880430.0
Anastasiya_Prenko,1.79,9857.0
Anastasiya_Vasylyeva,1.82,178627.0
Anastasiya_Yakimova,1.65,1071318.0
Anaïs_Laurendon,1.69,129080.0
Anca_Barna,1.75,746387.0
Anda_Perianu,1.7,137172.0
Anders_Järryd,1.8,5378067.0
Andre_Agassi,1.524,3.1152975E7
Andrea_Arnaboldi,1.75,413829.0
Andrea_Gaudenzi,1.83,3063479.0
Andrea_Gámiz,1.62,85782.0
Andrea_Hlaváčková,1.74,3270633.0
Andrea_Jaeger,1.6764000000000001,1379065.0
Andrea_Koch_Benvenuto,1.74,112829.0
Andrea_Petkovic,1.8,5779256.0
Andrea_Strnadová,1.75,504157.0
Andrea_Temesvári,1.82,1162635.0
Andreas_Beck_(tennis),1.91,1507086.0
Andreas_Haider-Maurer,1.9,1622559.0
Andreas_Maurer,1.75,391562.0
Andreas_Seppi,1.91,7558621.0
Andreas_Siljeström,2.06,239351.0
Andreas_Vinciguerra,1.8,1371733.0
Andreea_Ehritt-Vanc,1.7,421040.0
Andreea_Mitu,1.75,602458.0
Andrei_Cherkasov,1.8,2260051.0
Andrei_Chesnokov,1.87,3.084189666143E15
Andrei_Merinov,1.83,185632.0
Andrei_Olhovskiy,1.85,3208620.0
Andrei_Pavel,1.82,5123329.0
Andrei_Pătrui,1.7,942.0
Andrei_Stoliarov,1.77,732336.0
Andrei_Vasilevski_(tennis),1.85,57466.0
Andrej_Kračman,1.96,24209.0
Andrej_Martin,1.8,406256.0
Andreja_Klepač,1.75,840575.0
Andres_Võsand,1.8,188934.0
Andrew_Anderson_(tennis),1.93,54889.0
Andrew_Castle,1.905,344338.0
Andrew_Florent,0.0,1113285.0
Andrew_Foster_(tennis),1.9,168329.0
Andrew_Ilie,1.8,1327838.0
Andrew_Painter,0.0,80468.0
Andrew_Sznajder,1.75,419995.0
Andrey_Golubev,1.85,2526051.0
Andrey_Kuznetsov_(tennis),1.85,1484853.0
Andrey_Rublev_(tennis),1.88,229679.0
Andriy_Medvedev,1.93,6721560.0
André_Ghem,1.93,445700.0
André_Miele,1.74,106213.0
André_Sá,1.85,2416038.0
Andrés_Gómez,1.93,4385130.0
Andy_Kohlberg,1.524,169395.0
Andy_Murray,1.91,4.3601346E7
Andy_Ram,1.8,2593432.0
Andy_Roddick,1.88,2.064003E7
Anett_Kontaveit,1.74,478703.0
Anett_Schutting,1.7,4608.0
Angela_Haynes,1.524,492625.0
Angelika_Roesch,1.72,371951.0
Angelique_Kerber,1.73,1.1865558E7
Angelique_Widjaja,1.73,533037.0
Ani_Amiraghyan,1.68,31225.0
Anikó_Kapros,1.73,490850.0
Anke_Huber,1.73,4768292.0
Anna-Lena_Friedsam,1.74,726481.0
Anna-Lena_Grönefeld,1.8,3414978.0
Anna_Arina_Marenko,1.7,20158.0
Anna_Bieleń-Żarska,1.74,108692.0
Anna_Blinkova,1.77,3814.0
Anna_Brazhnikova,1.65,25796.0
Anna_Chakvetadze,1.71,3909854.0
Anna_Fitzpatrick,0.0,96813.0
Anna_Földényi,1.65,203326.0
Anna_Karolína_Schmiedlová,1.76,1321844.0
Anna_Korzeniak,1.7,107340.0
Anna_Kournikova,1.73,3584662.0
Anna_Lapushchenkova,1.72,253680.0
Anna_Morgina,1.7,54671.0
Anna_Orlik,1.69,16271.0
Anna_Smashnova,1.57,2274431.0
Anna_Tatishvili,1.71,1416094.0
Anna_Wishink,1.72,15621.0
Anna_Zaporozhanova,1.74,72700.0
Anne-Gaëlle_Sidot,1.72,1236925.0
Anne_Hobbs,1.68,166045.0
Anne_Keothavong,0.0,1257965.0
Anne_Kremer,1.65,1567313.0
Anne_Smith,1.651,1163494.0
Annika_Beck,1.69,1471948.0
Ansley_Cargill,1.524,338622.0
Antal_van_der_Duim,1.87,101223.0
Ante_Pavić,1.96,116419.0
Anton_Zaitcev,1.8,51365.0
Antonella_Serra_Zanetti,1.68,722547.0
Antonia_Lottner,1.85,54995.0
Albano_Olivetti,2.03,275356.0
Albert_Costa,1.8,7673478.0
Albert_Montañés,1.75,5651484.0
Albert_Portas,1.88,2972441.0
Albert_Ramos,1.88,2478401.0
Alberta_Brianti,1.65,1215900.0
Alberto_Berasategui,1.72,4676187.0
Alberto_Mancini,1.8,1543120.0
Alberto_Martín,1.75,3840885.0
Alberto_Tous,1.75,200221.0
Albina_Khabibulina,1.62,34779.0
Aldin_Šetkić,1.93,183342.0
Alejandro_Aramburu,1.75,143267.0
Alejandro_Falla,1.85,3006954.0
Alejandro_Ganzábal,1.8,151882.0
Alejandro_González_(tennis),1.9,900406.0
Alejandro_Gómez_(tennis),1.88,8181.0
Alejo_Mancisidor,1.83,149180.0
Aleksandar_Kitinov,1.9,618346.0
Aleksandr_Nedovyesov,1.93,689591.0
Aleksandra_Krunić,1.67,840118.0
Aleksandra_Wozniak,1.75,1936158.0
Alena_Vašková,1.75,236165.0
Alessandro_Giannessi,1.8,249014.0
Alessandro_Motti,1.85,156925.0
Alessandro_de_Minicis,1.75,120206.0
Alessio_di_Mauro,1.85,812621.0
Alex_Antonitsch,1.88,1024171.0
Alex_Bogdanovic,1.83,695395.0
"Alex_Bogomolov,_Jr.",1.78,1946779.0
Alex_Kuznetsov,1.83,862862.0
Alex_Llompart,1.524,12616.0
Alex_O'Brien,1.85,3535415.0
Alex_Reichel,1.9304,135419.0
Alex_Rădulescu,1.87,698887.0
Alexa_Glatch,1.8796,722310.0
Alexander_Kudryavtsev,1.82,764313.0
Alexander_Mronz,1.88,830234.0
Alexander_Peya,1.82,3324463.0
Alexander_Popp,2.01,976038.0
Alexander_Sadecky,1.93,94785.0
Alexander_Sarkissian,1.8288,47254.0
Alexander_Satschko,1.8,238264.0
Alexander_Slabinsky,1.85,195456.0
Alexander_Volkov_(tennis),1.88,3362786.0
Alexander_Waske,1.87,1339987.0
"Alexander_Zverev_(tennis_player,_born_1997)",1.98,679009.0
Alexandr_Dolgopolov,1.8,5433956.0
Alexandra_Cadanțu,1.7,732372.0
Alexandra_Dulgheru,1.72,1920164.0
Alexandra_Fusai,1.76,1608170.0
Alexandra_Mueller,1.8,140025.0
Alexandra_Nancarrow,1.65,42721.0
Alexandra_Panova,1.79,1036626.0
Alexandra_Stevenson,1.85,1430348.0
Alexandre_Sidorenko,1.85,402454.0
Alexandre_Simoni,1.87,394788.0
Alexey_Kedryuk,1.91,140988.0
Ali_Hamadeh,1.86,29345.0
Aliaksandra_Sasnovich,1.74,446948.0
Alice_Canepa,1.73,217781.0
Alicia_Molik,1.524,3185805.0
Alicja_Rosolska,1.66,921944.0
Alina_Jidkova,1.68,1128467.0
Alisa_Kleybanova,1.81,2475138.0
Alison_Bai,1.69,108462.0
Alison_Riske,1.75,1655286.0
Alison_Van_Uytvanck,1.79,1025154.0
Alizé_Cornet,1.73,4524237.0
Alizé_Lim,1.73,272850.0
Aliénor_Tricerri,1.72,59481.0
Aljaž_Bedene,1.83,1222526.0
Alla_Kudryavtseva,1.78,2716496.0
Allison_Bradshaw,1.8,168068.0
Alona_Bondarenko,1.68,2652437.0
Alona_Pushkarevsky,1.74,4654.0
Alyona_Sotnikova,1.7,53475.0
Alyssa_Boey,1.65,2616.0
Amanda_Coetzer,1.58,5594821.0
Amanda_Hopmans,1.67,331012.0
Amandine_Hesse,1.64,277516.0
Amber_Liu_(tennis),1.7,112326.0
Amer_Delić,1.96,935.0
Antonio_Veić,1.8,556771.0
Antony_Dupuis,1.85,1590813.0
Arantxa_Parra_Santonja,1.76,1974968.0
Arantxa_Rus,1.8,890863.0
Arantxa_Sánchez_Vicario,1.69,1.694264E7
Aranza_Salut,1.7,58643.0
Aravane_Rezaï,1.65,2805748.0
Ariel_Behar,1.82,46301.0
Arina_Rodionova,1.68,608019.0
Arnaud_Boetsch,1.83,3031247.0
Arnaud_Clément,1.72,7125228.0
Arnaud_Di_Pasquale,1.85,1162796.0
Arne_Thoms,1.88,392142.0
Artem_Sitak,1.81,359752.0
Arthur_Ashe,1.8796,1584909.0
Arthur_De_Greef_(tennis),1.8288,119020.0
Arvind_Parmar,1.9304,519643.0
Ashleigh_Barty,0.0,930986.0
Ashley_Fisher,1.83,778883.0
Ashley_Harkleroad,1.524,1022094.0
Ashley_Weinhold,1.65,165430.0
Ashvarya_Shrivastava,1.6,7454.0
Asia_Muhammad,1.73,227030.0
Astrid_Besser,1.82,38694.0
Attila_Balázs,1.82,145600.0
Attila_Sávolt,1.83,698823.0
Audra_Cohen,1.524,72901.0
Audrey_Bergot,1.75,72858.0
Augustin_Gensse,1.8,250639.0
Austin_Krajicek,1.8288,623562.0
Axel_Michon,1.76,253075.0
Ayaka_Okuno,1.7,38271.0
Ayan_Broomfield,1.7,7184.0
Ayu_Fani_Damayanti,1.62,90849.0
Ayumi_Morita,1.63,1560126.0
Azra_Hadzic,1.72,37343.0
Aaron_Krickstein,1.8796,3710447.0
Abigail_Guthrie,1.7,5464.0
Abigail_Spears,1.75,2074962.0
Adam_Feeney,1.78,246101.0
Adam_Majchrowicz,1.88,14478.0
Adil_Shamasdin,1.8,363329.0
Adrian_Mannarino,1.8,2817697.0
Adrian_Ungur,1.78,879598.0
Adrian_Voinea,1.85,1836277.0
Adriana_Barna,1.73,239001.0
Adriana_Gerši,1.66,568774.0
Adriana_Pérez,1.63,65249.0
Adriano_Ferreira,1.93,92834.0
Adriano_Panatta,1.83,776187.0
Adrián_García,1.75,605689.0
Adrián_Menéndez-Maceiras,1.85,672548.0
Agnieszka_Radwańska,1.73,2.2452201E7
Agustín_Calleri,1.82,3699134.0
Ahmed_El-Mehelmy,1.8288,26515.0
Ahsha_Rolle,1.72,388608.0
Ai_Sugiyama,1.63,8128126.0
Aiko_Nakamura,1.63,862381.0
Aisam-ul-Haq_Qureshi,1.83,2387136.0
Aivaras_Balžekas,1.8,5328.0
Ajla_Tomljanović,1.8,1362230.0
Akgul_Amanmuradova,1.9,1456877.0
Akiko_Morigami,1.65,1177175.0
Akiko_Omae,1.62,79697.0
Alan_Mackin_(tennis),1.524,181136.0
Balázs_Taróczy,1.82,1437443.0
Bar_Tzuf_Botzer,1.8288,12150.0
Barbara_Haas,1.65,57139.0
Barbara_Paulus,1.77,1294945.0
Barbara_Potter,1.75,1313808.0
Barbara_Rittner,1.73,1829648.0
Barbara_Schett,1.76,3109510.0
Barbara_Schwartz_(tennis),1.81,510141.0
Barbora_Krejčíková,1.78,179744.0
Barbora_Strýcová,1.64,4327536.0
Barry_Cowan_(tennis),1.8796,315856.0
Bea_Bielik,1.83,83216.0
Beatrice_Capra,1.75,82836.0
Beatrice_Gumulya,1.61,14529.0
Beatriz_García_Vidagany,1.63,204950.0
Beatriz_Haddad_Maia,1.84,91126.0
Belinda_Bencic,1.75,2450992.0
Belinda_Woolcock,1.73,8269.0
Ben_Testerman,1.8542,375659.0
Benedikt_Dorsch,1.78,251123.0
Benjamin_Balleret,1.85,275090.0
Benjamin_Becker,1.78,4031768.0
Benoît_Paire,1.96,3202196.0
Bernard_Tomic,1.96,3766560.0
Bernardo_Mota,1.78,253056.0
Bernd_Karbacher,1.85,2043057.0
Bethanie_Mattek-Sands,1.6764000000000001,4522295.0
Betina_Jozami,1.8,155059.0
Betsy_Nagelsen,1.75,1016519.0
Bettina_Bunge,1.73,357876.0
Betty_Stöve,1.8,1047356.0
Beverly_Mould,1.6,24763.0
Bianca_Andreescu,1.65,4651.0
Bianca_Botto,1.78,95539.0
Bibiane_Weijers,1.68,99213.0
Bill_Scanlon,1.85,1427007.0
Billie_Jean_King,1.64,1966487.0
Bjorn_Fratangelo,1.83,231610.0
Björn_Borg,1.8,3655751.0
Björn_Phau,1.75,1983070.0
Björn_Rehnquist,1.75,363014.0
Blake_Strode,1.88,60116.0
Blaž_Kavčič,1.88,1496632.0
Blaž_Rola,1.93,532612.0
Bob_Bryan,1.9304,1.3389866E7
Bob_Green_(tennis),1.9304,174337.0
Bob_Hewitt,1.8288,613837.0
Bob_Lutz_(tennis),1.524,1165276.0
Bobby_Reynolds,1.8288,1573292.0
Bohdan_Ulihrach,1.88,3553302.0
Bojana_Bobusic,1.7,127959.0
Bojana_Jovanovski,1.75,2124445.0
Boris_Becker,1.9,1.8343408E7
Boris_Pašanski,1.8,832760.0
Borna_Ćorić,1.85,1004925.0
Borut_Urh,1.9,49943.0
Boy_Westerhof,1.85,212757.0
Brad_Drewett,0.0,755546.0
Brad_Gilbert,1.85,5509060.0
Brad_Pearce_(tennis),1.524,818850.0
Bradley_Klahn,1.83,539502.0
Branislav_Stankovič,1.75,167847.0
Brayden_Schnur,1.9,24766.0
Brenda_Schultz-McCarthy,1.88,2620024.0
Brendan_Evans,1.92,410076.0
Brent_Larkham,1.78,144612.0
Brett_Hansen-Dent,1.8288,58580.0
Brett_Steven,1.8288,2439714.0
Brian_Baker_(tennis),1.8288,717365.0
Brian_Battistone,1.9,76398.0
Brian_Dabul,1.7,728653.0
Brian_Devening,1.8542,177318.0
Brian_Garrow,1.73,242556.0
Brian_Gottfried,1.8288,2782514.0
Brian_Teacher,1.905,1426514.0
Brian_Vahaly,1.8288,926975.0
Brian_Wilson_(tennis),1.905,132648.0
Brie_Rippner,1.75,382708.0
Bruce_Manson,1.7272,492338.0
Bruno_Orešar,1.75,361152.0
Bruno_Soares,1.8,3088966.0
Bryan_Shelton,1.85,1234108.0
Bryanne_Stewart,1.74,539614.0
Brydan_Klein,1.83,422484.0
Bun_Kenny,1.8,7234.0
Butch_Walts,1.9304,454343.0
Byron_Talbot,1.83,861245.0
Bárbara_Luz,1.7,39306.0
Charles_Strode,1.8288,108448.0
Charlie_Fancutt,0.0,67880.0
Charlotte_Petrick,1.78,8180.0
Charlotte_Römer,1.71,12262.0
Chase_Buchanan,1.9304,191516.0
Chelsey_Gullickson,1.524,48947.0
Chen_Ti,1.83,343567.0
Chip_Hooper,1.9812,479798.0
Cho_Yoon-jeong,1.67,603590.0
Chris_Bailey_(tennis),1.9557999999999998,208917.0
Chris_Eaton_(tennis),1.8288,168596.0
Chris_Evert,1.68,8895195.0
Chris_Haggard,1.78,1195315.0
Chris_Lewis_(tennis),1.8,647550.0
Chris_Wilkinson,1.8,2400000.0
Chris_Woodruff,1.88,1903659.0
Christer_Allgardh,1.9,231280.0
Christian_Bergström,1.8,1262792.0
Christian_Garin,1.83,76610.0
Christian_Harrison,1.78,70124.0
Christian_Lindell,1.93,177220.0
Christian_Miniussi,1.85,651069.0
Christian_Ruud,1.88,1399813.0
Christian_Saceanu,1.9,738632.0
Christian_Vinck,1.83,482534.0
Christina_McHale,1.7,2248571.0
Christina_Singer,1.76,517879.0
Christina_Wheeler,1.61,357140.0
Christo_van_Rensburg,1.86,1928431.0
Christophe_Rochus,1.7,2312971.0
Christophe_Roger-Vasselin,1.88,8937.0
Christopher_Kas,1.87,1250650.0
Christopher_Rungkat,1.74,28943.0
Chuang_Chia-jung,1.68,1427673.0
Chuck_Adams,1.8542,818519.0
Chung_Hyeon,1.85,402921.0
CiCi_Bellis,1.68,145344.0
Ciprian_Petre_Porumb,1.96,24735.0
Claire_Curran,1.73,62153.0
Claire_Feuerstein,1.78,489036.0
Clarisa_Fernández,1.79,678184.0
Claudia_Kohde-Kilsch,1.87,2227116.0
Claudine_Schaul,1.69,542186.0
Claudio_Grassi,1.8,135321.0
Claudio_Panatta,1.78,455711.0
Clay_Thompson,1.98,9570.0
Clothilde_de_Bernardi,1.73,40308.0
Coco_Vandeweghe,1.85,2186512.0
Colin_Dowdeswell,1.8542,327277.0
Colin_Fleming,0.0,984029.0
Collin_Altamirano,1.8796,49422.0
Conchita_Martínez,1.73,1.1527977E7
Conchita_Martínez_Granados,1.71,618599.0
Conor_Niland,1.85,247686.0
Corrado_Barazzutti,1.78,775783.0
Costin_Pavăl,1.88,19732.0
Craig_A._Miller,0.0,139258.0
Craig_Campbell_(tennis),1.905,65931.0
Cristian_Villagrán,1.8,191594.0
Cristiano_Caratti,1.78,1368916.0
Cristina_Torrens_Valero,1.71,1000722.0
Csilla_Borsányi,1.68,13152.0
Ctislav_Doseděl,1.82,2452512.0
Cyril_Saulnier,1.91,1391440.0
Cyril_Suk,1.8,3651530.0
Cássio_Motta,1.8,986595.0
Cédric_Pioline,1.87,6921029.0
César_Ramírez_(tennis),1.89,134027.0
Cătălin-Ionuț_Gârd,1.75,150209.0
Caitlin_Whoriskey,1.74,48353.0
Calvin_Hemery,1.88,50942.0
Camila_Giorgi,1.68,1739263.0
Camille_Pin,1.62,980663.0
Cara_Black,1.524,7687467.0
Carina_Witthöft,1.76,621670.0
Carl-Uwe_Steeb,1.8,2320082.0
Carla_Suárez_Navarro,1.62,7185361.0
Carles_Poch-Gradin,1.85,144873.0
Carling_Bassett-Seguso,1.68,643347.0
Carlos_Berlocq,1.82,3351596.0
Carlos_Costa_(tennis),1.82,3134189.0
Carlos_Cuadrado,1.8,83404.0
Carlos_Gattiker,1.75,121831.0
Carlos_Kirmayr,1.72,570207.0
Carlos_Moyá,1.9,1.3390822E7
Carlos_Salamanca,1.96,304508.0
Carlos_di_Laura,1.524,173556.0
Carly_Gullickson,1.78,541215.0
Carmen_Klaschka,1.72,118907.0
Carol_Zhao,1.65,83776.0
Caroline_Garcia,1.77,2205210.0
Caroline_Maes,1.67,159891.0
Caroline_Rohde-Moe,1.78,9623.0
Caroline_Vis,1.8,1086821.0
Caroline_Wozniacki,1.77,2.071742E7
Carsten_Arriens,1.93,314588.0
Carsten_Ball,1.98,671061.0
Casey_Dellacqua,1.65,3797983.0
Catalina_Castaño,1.71,1162113.0
Catarina_Ferreira,1.62,25811.0
Cecilia_Costa_Melgar,1.6,47522.0
Cecilia_Estlander,1.78,4395.0
Cedrik-Marcel_Stebe,1.83,558568.0
Chan_Chin-wei,1.69,386567.0
Chan_Hao-ching,1.75,881684.0
Chan_Yung-jan,1.7,2852397.0
Chanda_Rubin,1.68,4469990.0
Chanel_Simmonds,1.65,201669.0
Chanelle_Scheepers,1.74,1949415.0
Chang_Kai-chen,1.67,763966.0
Charles_Auffray,1.8288,74867.0
Charles_Beckman,1.8542,215307.0
Ádám_Kellner,1.87,63937.0
Édouard_Roger-Vasselin,1.88,4097546.0
Danilo_Marcelino,1.93,419467.0
Danka_Kovinić,1.7,611089.0
Danny_Sapsford,1.72,450722.0
Daria_Gavrilova,1.66,946218.0
Darija_Jurak,1.8,611476.0
Darren_Cahill,1.88,1349247.0
Darren_Walsh_(tennis),1.8288,28499.0
David_Engel_(tennis),1.8,363721.0
David_Ferrer,1.75,2.8648017E7
David_Goffin,1.8,2908190.0
David_Guez,1.85,684843.0
David_Marrero,1.85,1890625.0
David_Martin_(tennis),1.8542,355253.0
David_Nainkin,1.8288,501132.0
David_Nalbandian,1.8,1.1114755E7
David_O'Hare,1.93,15473.0
David_Pate,1.82,2029723.0
David_Prinosil,1.8542,4016496.0
David_Rikl,1.78,3063257.0
David_Sherwood,1.8288,126338.0
David_Sánchez_(tennis),1.83,1451767.0
David_Wheaton,1.93,5238401.0
David_Witt,1.9,309193.0
David_de_Miguel,1.75,162135.0
David_Škoch,1.82,774033.0
Davide_Sanguinetti,1.87,2935323.0
Dean_O'Brien_(tennis),1.78,46074.0
Delia_Sescioreanu,1.7,65912.0
Denis_Golovanov,188.0,223998.0
Denis_Gremelmayr,1.83,1023310.0
Denis_Istomin,1.88,4214904.0
Denis_Kudla,1.8034,1161892.0
Denis_Matsukevich,1.9,154236.0
Denis_Shapovalov,1.83,6168.0
Denisa_Allertová,1.8,505886.0
Denisa_Chládková,1.74,1343285.0
Deniss_Pavlovs,1.85,96567.0
Dennis_Lajola,1.79,17466.0
Dennis_Novak,1.83,35989.0
Dennis_Novikov,1.9304,203023.0
Dennis_van_Scheppingen,1.85,871276.0
Denys_Molchanov,1.9,374325.0
Derrick_Rostagno,1.8542,1621535.0
Devin_Bowen,1.83,466878.0
Devin_Britton,1.9304,81388.0
Dia_Evtimova,1.68,208422.0
Diana_Julianto,1.6,7818.0
Dianne_Fromholtz,1.65,1145377.0
Dick_Norman,2.03,1309890.0
Dick_Stockton_(tennis),1.88,1063385.0
Diego_Hartfield,1.85,506586.0
Diego_Junqueira,1.78,727371.0
Diego_Nargiso,1.88,1807857.0
Diego_Pérez_(tennis),1.78,1042224.0
Diego_Schwartzman,1.7,938716.0
Diego_Veronelli,1.93,179686.0
Diego_Álvarez_(tennis),1.85,139675.0
Dieter_Kindlmann,1.8,376578.0
Dimitri_Poliakov,1.83,438529.0
Dinah_Pfizenmaier,1.71,474670.0
Dinara_Safina,1.88,1.058564E7
Dino_Marcan,1.77,127325.0
Dinu_Pescariu,1.85,676503.0
Dirk_Dier,1.85,388546.0
Divij_Sharan,1.8288,193090.0
Diāna_Marcinkēviča,1.7,133554.0
Dmitri_Sitak,1.83,102908.0
Dmitry_Tursunov,1.85,4831684.0
Dominic_Inglot,1.8288,909093.0
Dominic_Thiem,1.85,2613902.0
Dominik_Hrbatý,1.82,7065241.0
Dominik_Meffert,1.98,502476.0
Dominika_Cibulková,1.6002,7002934.0
Dominika_Kaňáková,1.75,8449.0
Dominique_Monami,1.7,2015702.0
Doménica_González,1.66,6995.0
Donald_Johnson,1.905,2294944.0
Donald_Young_(tennis),1.83,2826051.0
Donna_Vekić,1.79,893527.0
Doug_Burke_(tennis),1.8,40488.0
Doug_Flach,1.83,678432.0
Dovydas_Šakinis,1.89,6176.0
Dragana_Zarić,1.7,165828.0
Duan_Yingying,1.86,436334.0
Dudi_Sela,1.7526,2756926.0
Dustin_Brown_(tennis),1.96,1802316.0
Dušan_Lajović,1.8,1338319.0
Dušan_Vemić,1.9,1281902.0
Dácio_Campos,1.8542,101721.0
Dája_Bedáňová,1.71,902005.0
Dally_Randriantefy,1.65,663958.0
Damir_Džumhur,1.75,705252.0
Dan_Goldie,1.8796,682952.0
Danai_Udomchoke,1.72,1095170.0
Danie_Visser,1.8,1528201.0
Daniel_Alejandro_López,1.83,36126.0
Daniel_Berta,1.78,27060.0
Daniel_Brands,1.96,1808373.0
Daniel_Cox,1.524,228962.0
Daniel_Dutra_da_Silva,1.75,77768.0
Daniel_Elahi_Galán,1.91,13619.0
Daniel_Elsner,1.82,389334.0
Daniel_Evans_(tennis),1.524,517540.0
Daniel_Garza,1.71,189599.0
Daniel_Gimeno-Traver,1.85,2959985.0
Daniel_Glancy,1.8034,26466.0
Daniel_Kosakowski,1.8288,69703.0
Daniel_Köllerer,1.76,430086.0
Daniel_Melo,1.85,223693.0
Daniel_Nestor,1.91,1.2200465E7
Daniel_Orsanic,1.83,1000200.0
Daniel_Smethurst,1.8288,168181.0
Daniel_Vacek,1.9,4803388.0
Daniela_Hantuchová,1.81,1.030086E7
Daniela_Seguel,1.71,90732.0
Daniele_Bracciali,1.8,1742942.0
Daniele_Giorgini,1.8,165585.0
Daniele_Musa,1.8288,183355.0
Danielle_Collins,1.778,4964.0
Daniil_Medvedev,1.98,24234.0
Edan_Leshem,1.83,3848.0
Eddie_Dibbs,1.7018,2016426.0
Eddie_Edwards_(tennis),1.905,441869.0
Edgardo_Massa,1.8,300279.0
Edina_Gallovits-Hall,1.65,1225667.0
Eduardo_Bengoechea,1.85,476094.0
Eduardo_Masso,1.78,400093.0
Eduardo_Osta,1.6,43441.0
Eduardo_Schwank,1.83,1453012.0
Edwin_Kempes,1.88,322221.0
Ekaterina_Bychkova,1.71,845042.0
Ekaterina_Dzehalevich,1.68,274820.0
Ekaterina_Makarova,1.8,8621748.0
Elena_Baltacha,1.75,1190893.0
Elena_Bogdan,1.83,182796.0
Elena_Bovina,1.89,1987023.0
Elena_Chalova,1.71,111293.0
Elena_Dementieva,1.8,1.4867437E7
Elena_Likhovtseva,1.74,6237556.0
Elena_Tatarkova,1.7,861974.0
Elena_Vesnina,1.76,6856685.0
Eleni_Daniilidou,1.82,2898509.0
Elias_Ymer,1.83,290625.0
Elina_Svitolina,1.75,2498305.0
Eliot_Teltscher,1.78,1653997.0
Elise_Tamaëla,1.72,190799.0
Elizaveta_Kulichkova,1.76,341758.0
Ella_Leivo,1.79,9460.0
Ellen_Barry_(tennis),1.73,31047.0
Ellen_Perez,1.68,9131.0
Ellis_Ferreira,1.88,2378295.0
Els_Callens,1.78,1666023.0
Ema_Burgić_Bucko,1.78,28362.0
Emanuel_Couto,1.83,269001.0
Emilio_Benfele_Álvarez,1.82,898962.0
Emilio_Sánchez,1.8,5339395.0
Emily_Webley-Smith,1.68,269237.0
Emma_Helistén,1.7,698.0
Emma_Laine,1.64,493020.0
Emmanuelle_Gagliardi,1.71,1739751.0
Ergün_Zorlu,1.8288,12287.0
Eric_Butorac,1.905,1645915.0
Eric_Fromm,1.78,3602644.0
Eric_Jelen,1.8,1100059.0
Eric_Quigley,1.85,41097.0
Erika_Sema,1.63,255845.0
Erika_de_Lone,1.7,766020.0
Erin_Routliffe,1.88,12756.0
Ernests_Gulbis,1.9,5768390.0
Estrella_Cabeza_Candela,1.73,420130.0
Eugenie_Bouchard,1.78,4689806.0
Eva_Bes,1.7,387864.0
Eva_Birnerová,1.7,1131089.0
Eva_Dyrberg,1.75,225826.0
Eva_Fernández_Brugués,1.63,129897.0
Eva_Fislová,1.8,181687.0
Eva_Hrdinová,1.91,446598.0
Eva_Martincová,1.7,326219.0
Evgenia_Kulikovskaya,1.63,427801.0
Evgenia_Linetskaya,1.77,333645.0
Evgeniya_Rodina,1.7,1045469.0
Evgeny_Donskoy,1.85,1193375.0
Evgeny_Kirillov,1.83,132060.0
Evgeny_Korolev,1.85,1509207.0
Evie_Dominikovic,1.73,638461.0
Eyal_Erlich,1.83,172773.0
Francisco_Cabello_(tennis),1.9,177975.0
Francisco_Clavet,1.82,4278632.0
Francisco_Costa_(tennis),1.8,305428.0
Francisco_Maciel,1.85,213185.0
Francisco_Montana,1.8288,1248094.0
Francisco_Roig,1.75,1466830.0
Francisco_Yunis,1.9,198607.0
Franco_Davín,1.73,1108860.0
Franco_Ferreiro,1.88,388200.0
Franco_Squillari,1.82,2504591.0
Frank_Dancevic,1.85,1675098.0
Frank_Moser_(tennis),1.93,528378.0
Franko_Škugor,2.03,314480.0
František_Čermák,1.93,2417037.0
Françoise_Abanda,1.78,80969.0
"Fred_Hemmes,_Jr.",1.83,142365.0
Fred_Simonsson,1.85,10968.0
Frederico_Gil,1.78,1400619.0
Frederik_Fetterlein,1.9,441561.0
Frederik_Nielsen,1.9,863873.0
Fredrik_Jonsson,1.93,291169.0
Frew_McMillan,1.83,609072.0
Fritz_Buehning,1.96,608506.0
Frédéric_Fontang,1.83,513509.0
Frédéric_Niemeyer,1.9,530673.0
Frédéric_Vitoux_(tennis),1.73,133362.0
Félix_Auger-Aliassime,1.88,4008.0
Félix_Mantilla_Botella,1.8,5311964.0
Fabiano_de_Paula,1.78,121507.0
Fabio_Fognini,1.78,7175087.0
Fabiola_Zuluaga,1.72,1358668.0
Fabrice_Martin,1.98,293071.0
Fabrice_Santoro,1.77,1.0021132E7
Facundo_Argüello_(tennis),1.78,394271.0
Farrukh_Dustov,1.96,469010.0
Fatma_Al-Nabhani,1.7,116151.0
Federico_Browne,180.0,370589.0
Federico_Delbonis,1.9,1795608.0
Federico_Luzzi,1.87,544562.0
Feliciano_López,1.88,1.1505158E7
Felipe_Parada,1.75,76974.0
Ferdi_Taygan,1.7272,668104.0
Fernanda_Brito,1.72,24961.0
Fernanda_Hermenegildo,1.66,52261.0
Fernando_González,1.83,1.1862276E7
Fernando_Luna,1.75,561404.0
Fernando_Meligeni,1.8,2558867.0
Fernando_Romboli,1.8,152345.0
Fernando_Verdasco,1.88,1.2319188E7
Fernando_Vicente,1.8,2917616.0
Filip_Dewulf,1.93,1503987.0
Filip_Horanský,1.75,40186.0
Filip_Krajinović,1.85,698713.0
Filip_Peliwo,1.8,118102.0
Filip_Polášek,1.95,975899.0
Filippo_Volandri,1.83,3877544.0
Finn_Tearney,1.8,31882.0
Fiona_Ferro,1.7,44564.0
Flavia_Pennetta,1.72,1.4197917E7
Flavio_Cipolla,1.73,1589886.0
Florencia_Molinero,1.64,209535.0
Florent_Serra,1.8,2895039.0
Florian_Mayer,1.9,5464940.0
Florin_Mergea,1.8,1152189.0
Flávio_Saretta,1.82,1237904.0
Frances_Tiafoe,1.88,140291.0
Francesca_Lubiani,1.68,421264.0
Francesca_Schiavone,1.66,1.0578971E7
Francesca_Segarelli,1.7018,25366.0
Francesco_Aldi,1.75,254542.0
Francesco_Cancellotti,1.83,464876.0
Gary_Donnelly,1.8288,370579.0
Gary_Muller,1.9,1447455.0
Gastão_Elias,1.8,520674.0
Gastón_Etlis,1.85,1562959.0
Gastón_Gaudio,1.75,6066156.0
Gaël_Monfils,1.93,9585813.0
Gene_Mayer,1.8288,1382422.0
Geoff_Grant,1.82,351932.0
George_Cosac,1.9,86518.0
George_Morgan_(tennis),1.9,3000000.0
Georgie_Gent,1.65,111311.0
Germain_Gigounon,1.78,161099.0
Germán_López,1.93,298869.0
Germán_Puentes,1.73,481369.0
Gero_Kretschmer,1.89,179565.0
Gianluca_Naso,1.91,350700.0
Gianluca_Pozzi,1.8,2272035.0
Gianluigi_Quinzi,1.91,57994.0
Gianni_Mina,1.85,104996.0
Gianni_Ocleppo,1.83,325570.0
Gigi_Fernández,1.7,4681906.0
Gilad_Bloom,1.73,694271.0
Gilbert_Schaller,1.8,1317163.0
Gilles_Elseneer,1.88,477478.0
Gilles_Müller,1.93,3328680.0
Gilles_Simon,1.83,1.064838E7
Gioia_Barbieri,1.7,124490.0
Giorgi_Chantouria,1.78,611.0
Giorgio_Galimberti,1.8,619170.0
Ágnes_Szatmári,1.61,121614.0
Ágnes_Szávay,1.71,2086125.0
Gabriel_Markus,1.8,613203.0
Gabriel_Moraru,1.8,169591.0
Gabriel_Trifu,1.93,319110.0
Gabriel_Urpi,1.73,144450.0
Gabriela_Chmelinová,1.75,344660.0
Gabriela_Cé,1.64,92519.0
Gabriela_Dabrowski,1.75,438702.0
Gabriela_Paz,1.651,50848.0
Gabriela_Sabatini,1.75,8785850.0
Gail_Brodsky,1.651,132472.0
Gala_León_García,1.63,1053309.0
Galina_Fokina,1.65,198138.0
Galina_Voskoboeva,1.83,2169264.0
Galo_Blanco,1.73,1832691.0
Garbiñe_Muguruza,1.82,6272973.0
Giovanni_Lapentti,1.93,522367.0
Gisela_Dulko,1.7,4246105.0
Giulia_Casoni,1.69,326936.0
Glenn_Layendecker,1.85,647475.0
Glenn_Michibata,1.7526,1081667.0
Gloria_Pizzichini,1.53,448056.0
Go_Soeda,1.78,1524838.0
Gong_Maoxin,1.78,240198.0
Goran_Ivanišević,1.93,1.9878007E7
Goran_Prpić,1.8,1303639.0
Grace_Min,1.63,364108.0
Grant_Connell,1.8542,2911097.0
Grant_Stafford,1.88,1316633.0
Graydon_Oliver,1.9304,357113.0
Greg_Holmes_(tennis),1.778,368690.0
Greg_Jones_(tennis),1.91,311653.0
Greg_Rusedski,1.8288,8944841.0
Grega_Žemlja,1.83,1123145.0
Grigor_Dimitrov,1.91,5950663.0
Grzegorz_Panfil,1.83,160834.0
Grégory_Carraz,1.9,836734.0
Gréta_Arn,1.8,1066371.0
Guido_Andreozzi,1.83,233798.0
Guido_Pella,1.85,941003.0
Guilherme_Clezar,1.83,344446.0
Guillaume_Raoux,1.8,2449106.0
Guillaume_Rufin,1.88,716669.0
Guillermo_Cañas,1.85,5285575.0
Guillermo_Coria,1.75,5817486.0
Guillermo_García-López,1.88,6192918.0
Guillermo_Hormazábal,1.76,104844.0
Guillermo_Olaso,1.75,200047.0
Guillermo_Pérez_Roldán,1.78,1686459.0
Guillermo_Vilas,1.8,4923882.0
Gustavo_Kuerten,1.9,1.4807E7
Guy_Forget,1.9,5669934.0
Gvidas_Sabeckis,181.0,25216.0
Gábor_Köves,1.88,214507.0
Gérard_Solvès,1.85,403190.0
Hermes_Gamonal,1.8,180996.0
Hernán_Gumy,1.88,1226776.0
Hicham_Arazi,1.75,3602644.0
Hiroki_Kondo,1.77,160372.0
Horacio_Zeballos,1.88,2306667.0
Horacio_de_la_Peña,1.8,1234768.0
Horia_Tecău,1.93,3160434.0
Horst_Skoff,1.75,1651858.0
Hsieh_Su-wei,1.695,4016110.0
Hugo_Armando,1.8288,588523.0
Hunter_Reese,1.8,9395.0
Huub_van_Boeckel,1.91,121719.0
Hanne_Skak_Jensen,1.61,32679.0
Hans-Dieter_Beutel,1.85,113016.0
Hans_Gildemeister,1.83,740858.0
Hans_Podlipnik,1.83,258369.0
Hans_Schwaier,1.73,295886.0
Hans_Simonsson,1.78,325035.0
Harel_Levy,1.85,1579692.0
Harold_Solomon,1.68,1802769.0
Harri_Heliövaara,1.88,113046.0
Heather_Watson,1.7,1766791.0
Heidi_El_Tabakh,1.8,268201.0
Heinz_Günthardt,1.8,1550007.0
Helena_Suková,1.88,6391245.0
Hendrik_Dreekmann,1.88,1369435.0
Hendrik_Jan_Davids,1.83,923459.0
Henri_Kontinen,1.89,523298.0
Henri_Laaksonen,1.85,192837.0
Henri_Leconte,1.84,3440660.0
Henrieta_Nagyová,1.77,1742156.0
Henrik_Holm,1.83,1693931.0
Henrik_Sundström,1.88,819393.0
Han_Na-lae,1.65,57277.0
Han_Xinyun,1.72,471743.0
Hana_Mandlíková,1.73,3340959.0
Hana_Šromová,1.68,466750.0
Hank_Pfister,1.9304,873335.0
Ignacio_González_King,1.75,120966.0
Ignacio_Hirigoyen,1.83,108737.0
Igor_Andreev,1.85,3630505.0
Igor_Kunitsyn,1.8,2496799.0
Igor_Sijsling,1.9,1944529.0
Ilie_Năstase,1.82,2076761.0
Ilija_Bozoljac,1.93,715969.0
Illya_Marchenko,1.85,1262069.0
Ilya_Belyaev,1.8,73005.0
Im_Kyu-tae,1.85,170734.0
Ingrid_Neel,1.524,24332.0
Inés_Gorrochategui,1.69,976039.0
Ioana_Gaspar-Ivan,1.65,29816.0
Ionuț_Moldovan,1.88,222260.0
Irakli_Labadze,1.88,1234668.0
Irena_Pavlovic,1.78,401329.0
Irina-Camelia_Begu,1.81,2357779.0
Irina_Falconi,1.63,1176289.0
Irina_Khromacheva,1.67,130941.0
Irina_Ramialison,1.58,97632.0
Irina_Selyutina,1.78,420868.0
Irina_Spîrlea,1.75,2652068.0
Ģirts_Dzelde,1.73,240274.0
Iroda_Tulyaganova,1.7,972624.0
Iryna_Brémond,1.74,277228.0
Isabella_Holland,1.72,139231.0
Isabelle_Demongeot,1.69,804884.0
Issam_Haitham_Taweel,1.58,32019.0
Iva_Majoli,1.75,4405867.0
Ivan_Dodig,1.83,4737315.0
Ivan_Lendl,1.87,2.1262417E7
Ivan_Ljubičić,1.93,1.0181121E7
Ivana_Abramović,1.75,193921.0
Ivana_Lisjak,1.8,285185.0
Ivaylo_Traykov,1.87,105330.0
Iveta_Benešová,1.7,3329488.0
Ivo_Heuberger,1.88,950068.0
Ivo_Karlović,2.11,6878711.0
Ivo_Klec,1.83,413029.0
Ivo_Minář,1.82,1015448.0
Ivo_Werner,1.8,33382.0
Iván_Endara,175.0,84889.0
Iván_Navarro,1.83,1208116.0
Izak_van_der_Merwe,1.96,430017.0
Jerzy_Janowicz,2.04,3390790.0
Jesse_Huta_Galung,1.88,883773.0
Jesse_Levine,1.75,1131456.0
Jesse_Witten,1.78,396681.0
Jessica_Kirkland,1.75,187373.0
Jessica_Moore_(tennis),1.67,338776.0
Jessy_Rompies,1.6,43859.0
Jeļena_Ostapenko,1.77,281935.0
Ji_Chunmei,1.72,121672.0
Jill_Craybas,1.6,2534110.0
Jill_Hetherington,1.78,798040.0
Jim_Courier,1.8542,1.4034132E7
Jim_Grabb,1.9304,3274155.0
Jim_Pugh,1.93,1780466.0
Jim_Thomas_(tennis),1.93,801553.0
Jimmy_Arias,1.7526,1834140.0
Jimmy_Brown_(tennis),1.8,560131.0
Jimmy_Connors,1.77,8641040.0
Jimmy_Wang_(tennis),1.78,1057983.0
Jiří_Novák,1.9,7614063.0
Jiří_Veselý,1.98,1498978.0
Jo-Wilfried_Tsonga,1.88,1.6842378E7
Jo_Durie,1.83,1224016.0
Joachim_Johansson,1.98,1549039.0
Joakim_Nyström,1.87,2074947.0
Joan_Balcells,1.9,815801.0
Joana_Cortez,1.7,140667.0
Joana_Eidukonytė,1.72,3997.0
Joannette_Kruger,1.79,1083908.0
Jocelyn_Rae,1.8288,144856.0
Joe_Salisbury,1.93,23047.0
Joern_Renzenbrink,1.96,504929.0
Johan_Anderson,1.8288,247738.0
Johan_Brunström,1.93,772971.0
Johan_Carlsson_(tennis),1.83,335509.0
Johan_Donar,1.8,95363.0
Johan_Kriek,1.75,2383794.0
Johan_Landsberg,1.83,444539.0
Johan_Tatlot,1.8,29359.0
Johan_Van_Herck,1.85,717393.0
Johanna_Hyöty,1.65,4727.0
Johanna_Konta,1.8,1424333.0
Johanna_Larsson_(tennis),1.74,1854810.0
John-Laffnie_de_Jager,1.93,1357700.0
John-Patrick_Smith,1.88,510604.0
John_Alexander_(Australian_politician)__Tennis_Career__1,1.9,1214079.0
James_Ward_(tennis),1.8288,1056198.0
Jamie_Baker_(tennis),1.8288,401380.0
Jamie_Delgado,1.524,812633.0
Jamie_Hampton,1.524,1017477.0
Jamie_Loeb,1.68,30990.0
Jamie_Murray,1.9,2040492.0
Jan-Lennard_Struff,1.96,1133677.0
Jan-Michael_Gambill,1.9,3612179.0
Jan_Apell,1.83,1404957.0
Jan_Frode_Andersen,1.91,312946.0
Jan_Gunnarsson,1.85,1285040.0
Jan_Hernych,1.9,2153755.0
Jan_Hájek_(tennis),1.8,1419172.0
Jan_Kodeš,1.75,693197.0
Jan_Mertl,1.9,464830.0
Jan_Minář,1.89,265469.0
Jan_Siemerink,1.82,4347693.0
Jan_Šátral,1.88,51217.0
Jana_Juricová,1.83,30331.0
Jana_Kandarr,1.81,674203.0
Jana_Nejedly,1.75,630096.0
Jana_Novotná,1.75,1.1230762E7
Jana_Čepelová,1.68,952003.0
Jane_O'Donoghue,0.0,177156.0
Janet_Lee,1.75,943370.0
Janette_Husárová,1.69,2402865.0
Janko_Tipsarević,1.8,7529804.0
Jared_Donaldson,1.88,272045.0
Jared_Palmer,1.905,3471164.0
Jarkko_Nieminen,1.85,7.743
Jarmere_Jenkins,1.8034,125755.0
Jarmila_Wolfe,0.0,2726469.0
Jaroslav_Levinský,1.96,778283.0
Jaroslav_Pospíšil,1.76,457077.0
Jasmin_Wöhr,1.76,433548.0
Jason_Jung,1.78,107443.0
Jason_Kubler,1.79,105844.0
Jason_Stoltenberg,1.85,3305212.0
Jaume_Munar,1.96,37860.0
Javier_Sánchez,1.77,4427811.0
Jay_Berger,1.8,992136.0
Jay_Lapidus,1.8796,246102.0
Jaymon_Crabb,0.0,184842.0
Jean-Christophe_Faurel,1.75,289530.0
Jean-Claude_Scherrer,1.87,232453.0
Jean-François_Bachelot,1.82,395248.0
Jean-Julien_Rojer,1.85,2931406.0
Jean-Michel_Pequery,1.83,151777.0
Jean-Philippe_Fleurian,1.85,1352977.0
Jean-René_Lisnard,1.73,1142109.0
Jeevan_Nedunchezhiyan,1.73,60286.0
Jeff_Coetzee,1.72,970175.0
Jeff_Morrison,1.8542,770476.0
Jeff_Tarango,1.8034,3730289.0
Jelena_Dokic,1.75,4481044.0
Jelena_Janković,1.77,1.8227601E7
Jelena_Kostanić_Tošić,1.68,1577765.0
Jelena_Pandžić,1.7,134550.0
Jennifer_Capriati,1.524,1.0206639E7
Jennifer_Hopkins,1.7018,644372.0
Jens_Knippschild,1.9,1017972.0
Jeon_Mi-ra,1.74,234168.0
Jeremy_Bates_(tennis),1.8,1339965.0
John_Fitzgerald_(tennis),1.8288,3207272.0
John_Frawley_(tennis),1.73,289416.0
John_Isner,1.8288,9229493.0
John_Lloyd_(tennis),1.8034,598092.0
John_McEnroe,1.8034,1.2547797E7
John_Millman,1.83,633455.0
John_Newcombe,1.83,1062408.0
John_Paul_Fruttero,1.85,183420.0
John_Peers,1.88,1139334.0
John_Roddick,1.8288,5229.0
John_Sadri,1.8796,895455.0
John_Sullivan_(tennis),1.8796,59854.0
John_van_Lottum,1.85,1188163.0
Jonas_Björkman,1.84,1.4600323E7
Jonas_Svensson_(tennis),1.88,2439702.0
Jonathan_Dasnières_de_Veigy,1.74,133437.0
Jonathan_Erlich,1.8,2283122.0
Jonathan_Eysseric,1.81,259210.0
Jonathan_Marray,1.88,1106396.0
Jonathan_Smith_(tennis),1.88,7784.0
Jonathan_Stark_(tennis),1.88,3220867.0
Joost_Winnink,1.8,242379.0
Jordan_Kerr,1.8,1071061.0
Jordan_Thompson_(tennis),1.83,204995.0
Jordi_Arrese,1.75,1847136.0
Jordi_Burillo,1.87,1198126.0
Jorge_Aguilar,1.78,287798.0
Jorge_Bardou,1.8,66260.0
Jorge_Lozano,1.8,739424.0
Jorgelina_Cravero,1.63,287311.0
Jose_Rubin_Statham,1.83,179591.0
Josef_Čihák,1.85,241359.0
Joseph_Sirianni,1.75,447569.0
Josh_Goodall,0.0,428326.0
Joshua_Eagle,1.83,1421375.0
Joshua_Ward-Hibbert,1.93,18944.0
Josselin_Ouanna,1.93,723143.0
José_Acasuso,1.9,3642422.0
José_Francisco_Altur,1.9,471853.0
José_Hernández_(tennis),1.83,71985.0
José_Higueras,1.78,1406355.0
José_Luis_Clerc,1.85,1987036.0
José_López-Maeso,1.72,227600.0
Jovana_Jakšić,1.8,286762.0
Jozef_Kovalík,1.83,106540.0
João_Cunha_e_Silva,1.72,735607.0
João_Domingues,1.78,38267.0
João_Sousa,1.85,2520231.0
João_Souza,1.93,1126373.0
Juan_Aguilera,1.82,825000.0
Juan_Albert_Viloca,1.85,845477.0
Juan_Antonio_Marín,1.75,1210117.0
Juan_Avendaño,1.77,216639.0
Juan_Carlos_Báguena,1.83,168464.0
Juan_Carlos_Ferrero,1.83,1.3992895E7
Juan_Ignacio_Chela,1.9,5601394.0
Juan_Manuel_Elizondo,1.8,61837.0
Juan_Martín_del_Potro,1.98,1.5345947E7
Juan_Mónaco,1.85,7524038.0
Juan_Pablo_Brzezicki,1.77,612368.0
Juan_Pablo_Guzmán,1.77,407603.0
Juan_Sebastián_Cabal,1.85,1248934.0
Juan_Sebastián_Gómez,1.78,40111.0
Judith_Wiesner,1.72,1730734.0
Juho_Paukku,1.87,81252.0
Julia_Boserup,1.8,160771.0
Julia_Cohen,1.7,360308.0
Julia_Efremova,1.83,45025.0
Julia_Glushko,1.71,704264.0
Julia_Grabher,1.7,15614.0
Julia_Görges,1.8,4288235.0
Julia_Moriarty,1.64,37509.0
Julia_Schruff,1.66,849364.0
Julia_Vakulenko,1.83,869480.0
Julian_Knowle,1.88,2890933.0
Julian_Reister,1.88,836699.0
Julie_Coin,1.72,814412.0
Julie_Ditty,1.68,493168.0
Julie_Halard-Decugis,1.73,3081132.0
Julie_Pullin,1.73,421976.0
Julien_Benneteau,1.85,7674742.0
Julien_Boutter,1.9,1430283.0
Julien_Jeanpierre,1.88,225543.0
Julio_Peralta,1.88,135169.0
Julius_Tverijonas,1.87,1342.0
Julián_Alonso,1.85,852531.0
Jun_Woong-sun,1.9,172182.0
Junri_Namigata,1.7,456689.0
Justin_Bower,1.9,166067.0
Justin_Gimelstob,1.9557999999999998,2575522.0
Justine_Henin,1.67,2.0863335E7
Justyna_Jegiołka,1.85,110513.0
Ján_Krošlák,1.88,1169329.0
Jérémy_Chardy,1.88,5778306.0
Jérôme_Golmard,1.88,2215784.0
Jérôme_Haehnel,1.85,472122.0
Jérôme_Potier,1.8,315454.0
Jörgen_Windahl,1.83,152785.0
Júlio_Góes,1.8,151995.0
Júlio_Silva,1.72,397704.0
Jürgen_Melzer,1.83,9734948.0
Jürgen_Zopp,1.9,694715.0
Jacco_Eltingh,1.87,4929815.0
Jack_Sock,1.91,3150282.0
Jackie_Trail,1.6002,109276.0
Jacobo_Díaz,1.72,689680.0
Jacqueline_Cako,1.524,67130.0
Jade_Hopper,1.64,31562.0
Jaime_Fillol,1.8,187169.0
Jaime_Oncins,1.95,1215951.0
Jaime_Yzaga,1.7,2235560.0
"Jairo_Velasco,_Jr.",1.8288,137633.0
Jakob_Hlasek,1.87,5895293.0
Jamea_Jackson,1.63,455220.0
James_Blake_(tennis),1.8542,7981786.0
James_Cerretani,1.85,574887.0
James_Cluskey,1.98,48141.0
James_Duckworth_(tennis),1.83,877423.0
James_Greenhalgh,0.0,104001.0
Kaia_Kanepi,1.81,4429372.0
Kaitlyn_Christian,1.78,13928.0
Kamil_Majchrzak,1.83,38359.0
Kamil_Čapkovič,1.96,227790.0
Karel_Nováček,1.9,3729540.0
Karen_Castiblanco,1.6,67581.0
Karen_Khachanov,1.98,157035.0
Karim_Alami,1.85,2087596.0
Karin_Knapp,1.8,1955447.0
Karin_Kschwendt,1.75,674599.0
Karina_Habšudová,1.7,1878228.0
Karol_Kučera,1.87,5061125.0
Karolina_Jovanović,1.83,33614.0
Karolina_Wlodarczak,1.78,59035.0
Karolina_Šprem,1.74,1298606.0
Karolína_Plíšková,1.86,3116561.0
Karsten_Braasch,1.8,1497244.0
Katalin_Marosi,1.78,609232.0
Katariina_Tuohimaa,1.8,8798.0
Katarina_Srebotnik,1.8,7346995.0
Katarzyna_Piter,1.73,463100.0
Katerina_Maleeva,1.68,2187183.0
Kateryna_Bondarenko,1.75,2540011.0
Kateřina_Böhmová_(1986),1.78,147620.0
Kateřina_Kramperová,1.61,95134.0
Kateřina_Siniaková,1.74,597416.0
Katherine_Westbury,1.77,16298.0
Kathinka_von_Deichmann,1.77,40654.0
Kathrin_Wörle-Scheller,1.75,529400.0
Kathy_Jordan,1.73,1592111.0
Kathy_Rinaldi,1.68,1353737.0
Katie_O'Brien,1.67,525141.0
Kei_Nishikori,1.78,1.1596327E7
Kelly_Evernden,1.75,914750.0
Kelly_Jones_(tennis),1.85,1168278.0
Ken_Flach,1.8542,2067151.0
Ken_Rosewall,1.7,1602700.0
Ken_Skupski,1.85,472084.0
Kenneth_Carlsen,1.91,2990980.0
Kenny_Thorne,1.88,1587294.0
Kenny_de_Schepper,2.03,1242851.0
Kent_Carlsson,1.8,998956.0
Kent_Kinnear,1.9557999999999998,771749.0
Keren_Shlomo,1.69,82105.0
Keri_Wong,1.524,18754.0
Kevin_Anderson_(tennis),2.03,6776741.0
Kevin_Curren,1.85,3055510.0
Kevin_Kim,1.778,1545790.0
Kevin_King_(tennis),1.9,72735.0
Kevin_Krawietz,1.9,103525.0
Kevin_Moir,1.88,44047.0
Kevin_Ullyett,1.78,4138771.0
Kiki_Bertens,1.82,1272406.0
Kim_Clijsters,1.74,2.444234E7
Kim_Grajdek,1.75,62182.0
Kim_Grant_(tennis),1.69,160324.0
Kim_So-jung_(tennis),1.72,119299.0
Kim_Warwick,1.83,994045.0
Kimberly_Birrell,1.7,69035.0
Kimberly_Couts,1.524,77322.0
Kimberly_Po,1.524,1926618.0
Kimiko_Date-Krumm,1.63,3909785.0
Kimmer_Coppejans,1.88,202904.0
Kinnie_Laisné,1.7,72489.0
Kira_Nagy,1.76,388234.0
Kirsten_Flipkens,1.65,2978968.0
Kittipong_Wachiramanowong,1.83,68755.0
Klaudia_Jans-Ignacik,1.73,828261.0
Klára_Koukalová,1.66,4045259.0
Komlavi_Loglo,1.83,73294.0
Konstantin_Kravchuk,1.9,609955.0
Konstantinos_Economidis,1.88,403020.0
Konstantinos_Efraimoglou,1.8796,3257.0
Korina_Perkovic,1.7,51808.0
Kornél_Bardóczky,1.88,103596.0
Kristian_Pless,1.87,1127884.0
Kristie_Boogert,1.78,1364008.0
Kristina_Antoniychuk,1.7,61656.0
Kristina_Barrois,1.83,1082117.0
Kristina_Mladenovic,1.84,3444425.0
Kristof_Vliegen,1.93,1922537.0
Kristína_Kučová,1.63,400463.0
Kristýna_Plíšková,1.84,894462.0
Ksenia_Lykina,1.65,137130.0
Ksenia_Milevskaya,1.72,72479.0
Ksenia_Pervak,1.7,1016779.0
Ksenia_Ulukan,1.74,175732.0
Kumiko_Iijima,1.62,191314.0
Kurumi_Nara,1.55,1364694.0
Květa_Peschke,1.65,4000738.0
Kyle_Edmund,1.88,473930.0
Kyle_Spencer,1.91,60291.0
Kyōko_Nagatsuka,1.66,421691.0
K._J._Hippensteel,1.905,134558.0
Àlex_Corretja,1.8,1.0411354E7
Álex_Calatrava,1.9,1335933.0
Álex_López_Morón,1.75,832157.0
Álvaro_Jordan,1.8542,43306.0
Luis-Manuel_Flores,1.88,36677.0
Luis_Díaz-Barriga,1.85,43913.0
Luis_Herrera_(tennis),1.7,542438.0
Luis_Horna,1.8,2454558.0
Luis_Lobo,1.8,913682.0
Luis_Morejón,1.78,247814.0
Luisa_Stefani,1.7,3118.0
Luiz_Mattar,1.83,1493136.0
Luka_Belić_(tennis),1.83,29579.0
Luka_Gregorc,1.9,176066.0
Lukas_Mugevičius,1.84,13474.0
Luke_Bambridge,1.905,45798.0
Luke_Saville,1.87,326865.0
Luke_Smith_(tennis),0.0,84208.0
Luksika_Kumkhum,1.67,420547.0
Lukáš_Dlouhý,1.85,3120507.0
Lukáš_Lacko,1.85,2226425.0
Lukáš_Rosol,1.96,3549675.0
László_Markovits,1.8,67898.0
Līga_Dekmeijere,1.71,488572.0
Lamine_Ouahab,1.83,381042.0
Lara_Arruabarrena,1.66,1193548.0
Lara_Michel,1.73,42027.0
Larisa_Neiland,1.69,4083936.0
Larry_Scott_(sports_administrator),1.8796,69740.0
Lars-Anders_Wahlgren,1.93,464310.0
Lars_Burgsmüller,1.83,1887164.0
Lars_Jönsson_(tennis),1.88,891598.0
Lars_Koslowski,1.88,265437.0
Lars_Rehmann,1.96,271500.0
Laura_Granville,1.75,1327584.0
Laura_Montalvo,1.73,389178.0
Laura_Pigossi,1.64,74060.0
Laura_Pous_Tió,1.73,764588.0
Laura_Robson,1.524,1174990.0
Laura_Siegemund,1.68,538318.0
Lauren_Davis,1.5748000000000002,1377721.0
Lauren_Herring,1.7,18456.0
Laurence_Tieleman,1.8,773130.0
Laurent_Bram,1.93,6435.0
Laurent_Prades,1.8288,77467.0
Laurent_Recouderc,1.78,419108.0
Laurynas_Grigelis,1.83,189984.0
Lawson_Duncan,1.8542,514450.0
Leander_Paes,1.78,8124447.0
Leanne_Baker,1.73,136920.0
Lee_Hsin-han,1.81,141640.0
Lee_Hyung-taik,1.8,2257901.0
Lee_Jin-a,1.7,91916.0
Leif_Shiras,1.8288,467156.0
Lenka_Cenková,1.75,140669.0
Lenka_Dlhopolcová,1.69,50582.0
Lenka_Juríková,1.74,110417.0
Lenka_Němečková,1.7,533966.0
Lenka_Wienerová,1.64,181632.0
Leo_Palin,1.78,140695.0
Leonardo_Azzaro,1.88,320082.0
Leonardo_Kirche,1.88,69794.0
Leonardo_Lavalle,1.88,903200.0
Leonardo_Mayer,1.9,3780892.0
Leonardo_Tavares,1.85,183160.0
Leoš_Friedl,1.83,1221403.0
Lesia_Tsurenko,1.74,1476113.0
Lesley_Kerkhove,1.7,126882.0
Lester_Cook,1.8034,149859.0
Leticia_Costas,1.65,109129.0
Li_Fang_(tennis),1.66,537067.0
Li_Na,1.72,1.6709074E7
Li_Ting_(tennis),1.8,383259.0
Liam_Broady,1.8288,196377.0
Libor_Němeček,1.68,180351.0
Libor_Pimek,1.96,1509018.0
Libuše_Průšová,1.76,333879.0
Lidziya_Marozava,1.83,54335.0
Liezel_Huber,1.8034,6287881.0
Lina_Krasnoroutskaya,1.74,947916.0
Lina_Stančiūtė,1.69,150738.0
Lindsay_Davenport,1.89,2.2166338E7
Lindsay_Lee-Waters,1.73,855778.0
Lionel_Barthez,1.8,196324.0
Lionel_Roux,1.85,1255648.0
Lisa_McShea,1.74,514070.0
Lisa_Raymond,1.524,1.0026193E7
Liu_Nannan,1.76,91463.0
Liu_Wanting,1.68,90027.0
Liza_Andriyani,1.7,41674.0
Lleyton_Hewitt,1.8,2.0070586E7
Lori_McNeil,1.7,3441604.0
Louisa_Chirico,1.7526,247669.0
Louk_Sorensen,1.75,195248.0
Lourdes_Domínguez_Lino,1.63,2333426.0
Lovro_Zovko,1.9,513374.0
Loïc_Courteau,1.75,113008.0
Lu_Jingjing,1.7,169955.0
Lu_Yen-hsun,1.8,3988958.0
Luca_Bottazzi,1.74,52945.0
Luca_Vanni,1.98,397622.0
Lucas_Arnold_Ker,1.8,1635992.0
Lucas_Gómez,1.78,20987.0
Lucas_Pouille,1.85,794616.0
Lucie_Ahl,1.59,260389.0
Lucie_Hradecká,1.77,4098421.0
Lucie_Šafářová,1.77,8603907.0
Émilie_Loit,1.67,2086943.0
Maddison_Inglis,1.71,50887.0
Madison_Brengle,1.6256,1248784.0
Madison_Keys,1.78,3080062.0
Magali_de_Lattre,1.65,69694.0
Magda_Linette,1.71,524314.0
Magdalena_Fręch,1.71,19729.0
Magdalena_Grzybowska,1.84,542889.0
Magdalena_Maleeva,1.68,4398582.0
Magdaléna_Rybáriková,1.8,2728810.0
Magnus_Gustafsson,1.85,4545489.0
Magnus_Larsson,1.93,5839451.0
Magnus_Norman,1.88,4537247.0
Magnus_Tideman,1.93,134531.0
Magüi_Serna,1.67,2065291.0
Mahesh_Bhupathi,1.85,6648471.0
Mailen_Auroux,1.7,102017.0
Mait_Künnap,1.9,33601.0
Maja_Matevžič,1.75,593426.0
Maja_Palaveršić,1.75,197170.0
Malek_Jaziri,1.83,1255627.0
MaliVai_Washington,1.8034,3239865.0
Malika_Auger-Aliassime,1.78,1080.0
Mallory_Burdette,1.78,316417.0
Mandy_Minella,1.8,1068741.0
Manon_Arcangioli,1.62,100831.0
Manon_Bollegraf,1.73,2107856.0
Mansour_Bahrami,1.78,368780.0
Manuel_Orantes,1.78,1398303.0
Manuela_Maleeva,1.73,3244557.0
Mara_Santangelo,1.83,1691549.0
Marat_Deviatiarov,1.91,23022.0
Marat_Safin,1.93,1.4373291E7
Marc-Kevin_Goellner,1.95,2700665.0
Marc_Gicquel,1.81,2207188.0
Marc_Kimmich,0.0,70565.0
Marc_López,1.75,2868172.0
Marc_Rosset,2.01,6812693.0
Marcel_Felder,1.74,217109.0
Marcel_Granollers,1.9,7377315.0
Marcela_Zacarías,1.6,83958.0
Marcelo_Arévalo,1.93,80529.0
Marcelo_Charpentier,1.8,328886.0
Marcelo_Demoliner,1.93,301621.0
Marcelo_Filippini,1.77,2034890.0
Marcelo_Hennemann,1.7,62670.0
Marcelo_Ingaramo,1.78,276559.0
Marcelo_Melo,2.03,3223043.0
Marcelo_Ríos,1.75,9713771.0
Marcin_Matkowski,1.88,3432559.0
Marco_Chiudinelli,1.88,1745584.0
Marco_Crugnola,1.88,210793.0
Marcos_Baghdatis,1.83,6678970.0
Marcos_Daniel,1.8,1114707.0
Marcos_Giron,1.524,85026.0
Marcos_Górriz,1.85,662335.0
Marcos_Hocevar,1.85,330047.0
Marcos_Ondruska,1.83,1835129.0
Marcus_Daniell,1.9,162596.0
Mardy_Fish,1.88,7392041.0
Maret_Ani,1.75,734010.0
Margalita_Chakhnashvili,1.72,313300.0
Matthew_Barton_(tennis),1.91,113816.0
Matthew_Ebden,0.0,1719720.0
Matthias_Bachinger,1.82,1110380.0
Maureen_Drake,1.75,793293.0
Mauricio_Echazú,1.74,65244.0
Max_Mirnyi,1.96,1.1116245E7
Maxime_Teixeira,1.85,302395.0
Maya_Rosa,1.62,5709.0
Mayo_Hibi,1.65,135421.0
Megan_Moulton-Levy,1.524,213689.0
Meghann_Shaughnessy,1.8034,3975223.0
Meike_Babel,1.73,546425.0
Meilen_Tu,1.6256,1590412.0
Mel_Purcell,1.77,797197.0
Melanie_Klaffner,1.71,188913.0
Melanie_Oudin,1.524,1454742.0
Melanie_South,1.75,464880.0
Melinda_Czink,1.78,1484658.0
Melis_Sezer,1.68,75950.0
Melle_van_Gemerden,1.83,213482.0
Menno_Oosting,1.8,1041725.0
Mercedes_Paz,1.8,1154319.0
Mervana_Jugić-Salkić,1.79,535920.0
Michael_Berrer,1.93,2643190.0
Michael_Chang,1.7526,1.9145632E7
Michael_Hill_(tennis),1.87,601306.0
Michael_Joyce_(tennis),1.8034,756999.0
Michael_Kohlmann,1.87,1436104.0
Michael_Lammer,1.85,533475.0
Michael_Linzer,1.83,64787.0
Michael_McClune,1.9,143401.0
Michael_Mmoh,1.85,22714.0
Michael_Quintero,1.76,187860.0
Michael_Russell_(tennis),1.7272,2352870.0
Michael_Ryderstedt,1.88,313148.0
Michael_Sell,1.8034,294371.0
Michael_Stich,1.93,1.2592483E7
Michael_Tebbutt,1.9,1114448.0
Michael_Venus_(tennis),1.8288,388573.0
Michael_Westphal,1.9,1646328.0
Michael_Yani,1.85,403300.0
Michaela_Hončová,1.68,89797.0
Michaela_Paštiková,1.76,543500.0
Michal_Mertiňák,1.8,1508095.0
Michal_Tabara,1.75,842256.0
Michaël_Llodra,1.9,8533350.0
Michaëlla_Krajicek,1.77,1923228.0
Michał_Przysiężny,1.85,1256778.0
Michel_Kratochvil,1.85,1159379.0
Michele_Fioroni,1.8034,41971.0
Michelle_Jaggard-Lai,1.63,406279.0
Michelle_Larcher_de_Brito,1.65,829616.0
Michelle_Sammons,1.73,14115.0
Michiel_Schapers,2.01,1124730.0
Miguel_Tobón,1.85,125127.0
Miguel_Ángel_López_Jaén,1.87,186036.0
Miguel_Ángel_Reyes-Varela,1.75,120787.0
Mihaela_Buzărnescu,1.74,145494.0
Miharu_Imanishi,1.62,55940.0
Mihnea-Ion_Năstase,1.8288,54828.0
Miho_Saeki,1.68,600516.0
Mikael_Pernfors,1.73,1363793.0
Mikael_Tillström,1.85,2029070.0
Mikael_Ymer,1.83,179708.0
Mike_Bauer,1.88,611891.0
Mike_Bryan,1.905,1.3164686E7
Maria_Elena_Camerin,1.64,1721451.0
Maria_Fernanda_Alves,1.74,395209.0
Maria_João_Koehler,1.74,317031.0
Maria_Kirilenko,1.74,6855919.0
Maria_Patrascu,1.68,8107.0
Maria_Sanchez,1.778,363652.0
Maria_Sharapova,1.88,3.6484486E7
Mariaan_de_Swardt,1.77,1140865.0
Mariana_Duque,1.69,1079944.0
Mariana_Díaz_Oliva,1.72,1009293.0
Marianne_Werdel,1.778,1044641.0
Mariano_Delfino,1.8288,166157.0
Mariano_Puerta,1.8,1695028.0
Mariano_Zabaleta,1.82,3204127.0
Marie-Gaïané_Mikaelian,1.72,543735.0
Marie-Ève_Pelletier,1.73,592193.0
Marie_Bouzková,1.78,13289.0
Marin_Draganja,1.85,498929.0
Marin_Čilić,1.98,1.3586144E7
Marina_Erakovic,1.74,2234959.0
Marina_Melnikova,1.73,194406.0
Marinko_Matosevic,1.93,1865777.0
Mario_Ančić,1.95,4024686.0
Mario_Martinez_(tennis),1.7,2102.0
Mario_Visconti,1.85,151136.0
Marion_Bartoli,1.7,1.1055114E7
Marion_Maruska,1.72,342007.0
Marissa_Irvin,1.7018,779749.0
Marius_Copil,1.93,623050.0
Mariusz_Fyrstenberg,1.93,2949906.0
Mariya_Koryttseva,1.72,900588.0
Marián_Vajda,1.72,756646.0
Mark_Dickson_(tennis),1.905,686138.0
Mark_Draper_(tennis),0.0,91212.0
Mark_Hilton_(tennis),1.7018,173449.0
Mark_Keil,1.83,749587.0
Mark_Knowles,1.9,7049710.0
Mark_Koevermans,1.85,842859.0
Mark_Kratzmann,0.0,1378936.0
Mark_Merklein,1.8288,502870.0
Mark_Nielsen_(tennis),1.85,166271.0
Mark_Petchey,1.8288,657776.0
Mark_Philippoussis,1.96,6985202.0
Mark_Woodforde,0.0,8571605.0
Marko_Djokovic,1.87,71525.0
Marko_Tkalec,1.78,119059.0
Markos_Kalovelonis,1.94,26223.0
Markus_Eriksson,1.88,73256.0
Markus_Hantschk,1.87,514852.0
Markus_Hipfl,1.78,787415.0
Markus_Naewie,1.9,307182.0
Markus_Zoecke,1.95,795369.0
Marlene_Weingärtner,1.74,1127324.0
Marsel_İlhan,1.91,1210039.0
Marta_Domachowska,1.76,1063113.0
Marta_Marrero,1.73,888544.0
Marta_Sirotkina,1.7,199379.0
Martin_Blackman,1.8796,141468.0
Martin_Damm,1.89,5730972.0
Martin_Davis_(tennis),1.8288,821513.0
Martin_Emmrich,1.83,386542.0
Martin_Fischer_(tennis),1.8,640766.0
Martin_Kližan,1.88,3256658.0
Martin_Laurendeau,1.91,349692.0
Martin_Lee_(tennis),0.0,561085.0
Martin_Redlicki,1.98,8706.0
Martin_Verkerk,1.95,1491379.0
Martina_Hingis,1.7,2.2593544E7
Martina_Müller_(tennis),1.65,1040531.0
Martina_Navratilova,1.73,2.1626089E7
Martina_Suchá,1.7,967092.0
Martín_Alund,1.83,456298.0
Martín_Jaite,1.77,1873881.0
Martín_Rodríguez_(tennis),1.78,1221361.0
Martín_Vassallo_Argüello,1.85,1420101.0
Marvin_Rolle,1.8034,5609.0
Mary-Lou_Daniels,1.6764000000000001,711131.0
Mary_Joe_Fernández,1.75,5258471.0
Mary_Pierce,1.78,9793119.0
Maryna_Zanevska,1.75,3.0
Marzio_Martelli,1.8,320131.0
María_Emilia_Salerni,1.74,656296.0
María_Fernanda_Herazo,1.66,13560.0
María_Fernanda_Álvarez_Terán,1.74,131261.0
María_Irigoyen,1.71,390774.0
María_José_Gaidano,1.71,299016.0
María_José_Martínez_Sánchez,1.76,3386560.0
María_Paulina_Pérez,1.7,15259.0
María_Sánchez_Lorenzo,1.71,1268365.0
María_Teresa_Torró_Flor,1.78,1003325.0
María_Vento-Kabchi,1.68,1591803.0
Mashona_Washington,1.6764000000000001,975863.0
Massimiliano_Narducci,1.85,105308.0
Massimo_Bertolini,1.87,487354.0
Massimo_Cierro,1.73,313726.0
Massimo_Valeri,1.85,164828.0
Mate_Delić,1.96,144860.0
Mate_Pavić,1.88,405222.0
Mathieu_Montcourt,1.83,327057.0
Mathilde_Johansson,1.73,1341270.0
Mats_Wilander,1.82,7976256.0
Matt_Anger,1.88,486506.0
Matt_Lucena,1.778,170523.0
Matt_Reid_(tennis),1.8,315814.0
Matt_Seeberger,1.85,17297.0
Matteo_Donati,1.88,145651.0
Matteo_Trevisan,1.8,92314.0
Matteo_Viola,1.88,483282.0
Mikhail_Elgin,1.83,720520.0
Mikhail_Kukushkin,1.83,2741457.0
Mikhail_Ledovskikh,1.88,255374.0
Mikhail_Youzhny,1.83,1.2832212E7
Miki_Miyamura,1.67,116325.0
Milagros_Sequera,1.65,845115.0
Milan_Šrejber,2.03,898323.0
Milka-Emilia_Pasanen,1.73,713.0
Milos_Raonic,1.96,9392599.0
Milos_Sekulic,1.88,41442.0
Miloslav_Mečíř,1.9,2632538.0
"Miloslav_Mečíř,_Jr.",1.96,227693.0
Mima_Jaušovec,1.6,933926.0
Mirjana_Lučić-Baroni,1.81,2631632.0
Mirka_Federer,1.74,260832.0
Mirza_Bašić,1.88,276866.0
Misa_Eguchi,1.73,224052.0
Misaki_Doi,1.59,1203399.0
Mischa_Zverev,1.9,2146328.0
Mitchell_Krueger,1.88,53018.0
Miyu_Kato_(tennis),1.56,70404.0
Miķelis_Lībietis,1.88,14813.0
Mohamed_Safwat,1.83,148404.0
Mona_Barthel,1.85,2244132.0
Monica_Niculescu,1.68,3662124.0
Monica_Seles,1.78,1.4891762E7
Monique_Adamczak,1.7,477615.0
Monique_Javer,0.0,314616.0
Montserrat_González,1.7,72088.0
Morris_Strode,1.9304,96917.0
Murad_Inoyatov,1.8,83378.0
Murphy_Jensen,1.9304,681817.0
Myriam_Casanova,1.72,469516.0
Márton_Fucsovics,1.88,225678.0
Máximo_González,1.75,1616143.0
Mårten_Renström,1.88,75307.0
Mónica_Puig,1.7,1336267.0
Mădălina_Gojnea,1.63,180649.0
Ángeles_Montolio,1.57,720661.0
Nadia_Petrova,1.78,1.2466924E7
Nadiia_Kichenok,1.72,397324.0
Nadin_Ercegović,1.77,138975.0
Nana_Smith,1.63,1234067.0
Nannie_de_Villiers,1.78,294308.0
Naoko_Kijimuta,1.64,498002.0
Naomi_Broady,1.89,500745.0
Naomi_Cavaday,1.7,191742.0
Naomi_Osaka,1.8,180180.0
Nastassja_Burnett,1.78,267182.0
Nastja_Kolar,1.76,75458.0
Natalie_Grandin,1.75,939025.0
Natalie_Pluskota,1.524,30227.0
Natasha_Zvereva,1.74,7792503.0
Nathalie_Dechy,1.78,4216795.0
Nathalie_Tauziat,1.65,6650093.0
Nathalie_Viérin,1.7,321276.0
Nathan_Healey,0.0,552190.0
Nduka_Odizor,1.82,675673.0
Neal_Skupski,1.83,123095.0
Nebojša_Djorđević,1.9,128135.0
Neil_Broad,1.9,1205610.0
Neil_Pauffley,0.0,44480.0
Nenad_Zimonjić,1.9,7934606.0
Neuza_Silva,1.7,172509.0
Nicha_Lertpitaksinchai,1.74,76655.0
Nicholas_Monroe,1.78,543120.0
Nick_Kyrgios,1.93,2110250.0
Nick_Lindahl,1.83,189025.0
Nicklas_Kroon,1.83,448124.0
Nicklas_Kulti,1.9,3186946.0
Nicola_Geuer,1.67,54165.0
Nicola_Slater,1.7272,42043.0
Nicolas_Coutelot,1.85,368507.0
Nicolas_Devilder,1.72,826281.0
Nicolas_Escudé,1.85,3216150.0
Nicolas_Kicker,1.8,87621.0
Nicolas_Kiefer,1.83,7480465.0
Nicolas_Mahut,1.9,5504030.0
Nicolas_Meister,1.78,66510.0
Nicolas_Reissig,1.85,63729.0
Nicolas_Thomann,1.8288,437629.0
Nicole_Arendt,1.7653,1642964.0
Nicole_Clerico,1.73,121158.0
Nicole_Gibbs,1.6764000000000001,729596.0
Nicole_Kriz,1.64,86177.0
Nicole_Melichar,1.81,127558.0
Nicole_Pratt,1.63,2404645.0
Nicole_Riner,1.78,33703.0
Nicole_Vaidišová,1.83,2742675.0
Nicolás_Almagro,1.83,9609122.0
Nicolás_Barrientos,1.75,132522.0
Nicolás_Jarry,1.99,59612.0
Nicolás_Lapentti,1.88,6313898.0
Nicolás_Massú,1.83,4286614.0
Niels_Desein,1.88,323790.0
Nigina_Abduraimova,1.84,155154.0
Nika_Ožegović,1.7,172521.0
Nikola_Hofmanova,1.78,102732.0
Nikola_Milojević_(tennis),1.82,49439.0
Nikola_Ćirić,2.01,194867.0
Nikola_Čačić,1.83,79473.0
Nikolay_Davydenko,1.78,1.618648E7
Nikoloz_Basilashvili,1.85,442580.0
Nils_Langer,1.93,163423.0
Nina_Bratchikova,1.78,777273.0
Nina_Zander,1.7,65099.0
Nirupama_Sanjeev,1.7,182057.0
Noah_Rubin_(tennis),1.78,87941.0
Noam_Okun,1.85,783527.0
Noppawan_Lertcheewakarn,1.67,276495.0
Novak_Djokovic,1.88,9.6642948E7
Nudnida_Luangnam,1.67,136162.0
Nungnadda_Wannasuk,1.65,62992.0
Nuno_Marques,1.9,857479.0
Nuria_Llagostera_Vives,1.56,2636375.0
Nadejda_Ostrovskaya,1.77,277754.0
Nadia_Abdalá,1.8796,13232.0
Océane_Dodin,1.83,97813.0
Oksana_Kalashnikova,1.84,404274.0
Ola_Abou_Zekry,1.57,15037.0
Olga_Govortsova,1.82,2865468.0
Olga_Puchkova,1.8,833994.0
Olga_Savchuk,1.77,1202481.0
Oliver_Fernández,1.75,148944.0
Oliver_Golding,1.8288,95168.0
Oliver_Gross,1.86,876416.0
Oliver_Marach,1.85,2190668.0
Olivia_Rogowska,0.0,743688.0
Olivia_Sanchez,1.72,376039.0
Olivia_Tjandramulia,1.67,22091.0
Olivier_Charroin,1.84,93881.0
Olivier_Delaître,1.7,2788904.0
Olivier_Mutis,1.75,604171.0
Olivier_Patience,1.8,874075.0
Olivier_Rochus,1.65,4809475.0
Omar_Camporese,1.88,1610475.0
Omar_Jasika,1.8,61001.0
Ons_Jabeur,1.67,253936.0
Orlin_Stanoytchev,1.85,484515.0
Ota_Fukárek,1.9,387322.0
Oxana_Lyubtsova,1.57,138831.0
İpek_Soylu,1.73,84316.0
İpek_Şenoğlu,1.8,261244.0
Patricia_Tarabini,1.65,1541551.0
Patricia_Wartusch,1.75,657243.0
Patricio_Arnold,1.8288,112935.0
Patrick_Galbraith,1.83,2684136.0
Patrick_McEnroe,1.8288,3118316.0
Patrik_Fredriksson,1.85,331508.0
Patrik_Kühnen,1.9,1646328.0
Patrik_Rosenholm,1.79,83295.0
Patty_Fendick,1.651,1559023.0
Patty_Schnyder,1.68,8419111.0
Paul-Henri_Mathieu,1.85,5625446.0
Paul_Annacone,1.8542,1649327.0
Paul_Capdeville,1.9,1097506.0
Paul_Chamberlin,1.78,410831.0
Paul_Goldstein_(tennis),1.778,1620456.0
Paul_Haarhuis,1.87,7751962.0
Paul_Hanley_(tennis),1.82,2834776.0
Paul_McNamee,1.78,1233615.0
Paul_Rosner,1.93,232555.0
Paul_Wekesa,1.87,448114.0
Paula_Andrea_Pérez,1.68,6860.0
Paula_Cristina_Gonçalves,1.73,126197.0
Paula_Kania,1.68,455649.0
Paula_Ormaechea,1.7,705312.0
Paulina_Schippers,1.651,221.0
Pauline_Parmentier,1.75,1960959.0
Pavel_Složil,1.73,925242.0
Pavel_Vojtisek,1.88,149428.0
Pavel_Vízner,1.8,2337009.0
Pavel_Šnobel,1.9,377192.0
Pavol_Červenák,1.85,301730.0
Pedro_Sousa,1.8,173169.0
Pemra_Özgen,1.7,189830.0
Peng_Shuai,1.73,6991689.0
Pere_Riba,1.83,1247787.0
Petar_Jelenić,1.9,30105.0
Pete_Sampras,1.8542,4.328045E7
Peter_Ballauff,1.88,64538.0
Peter_Carlsson,1.8288,70262.0
Peter_Clarke_(tennis),1.88,74290.0
Peter_Doohan,0.0,446667.0
Peter_Fleming_(tennis),1.8288,1986799.0
Peter_Gojowczyk,1.85,688943.0
Peter_Kobelt,2.0066,18468.0
Peter_Luczak,1.83,1348036.0
Peter_Lundgren,1.85,1130516.0
Peter_McNamara,1.85,1046935.0
Peter_Polansky,1.8,610025.0
Peter_Torebko,1.85,139585.0
Peter_Wessels,1.95,928863.0
Petr_Korda,1.9,1.04489E7
Petr_Kralert,1.88,231463.0
Petr_Luxa,1.9,635062.0
Petr_Pála,1.93,1104149.0
Petra_Cetkovská,1.72,2027537.0
Petra_Kvitová,1.82,2.0501439E7
Petra_Mandula,1.78,991024.0
Petra_Martić,1.81,1532651.0
Petra_Rampre,1.7,335030.0
Petru-Alexandru_Luncanu,1.82,106672.0
Peđa_Krstin,1.83,91812.0
Pablo_Albano,1.78,933810.0
Pablo_Andújar,1.79,4260347.0
Pablo_Campana,1.8,87437.0
Pablo_Carreño,1.88,1490589.0
Pablo_Cuevas,1.8,4153722.0
Pablo_Santos_(tennis),1.83,147776.0
Pam_Shriver,1.83,5460566.0
Pan_Bing,1.85,59368.0
Paola_Suárez,1.7,5217775.0
Paolo_Canè,1.8,903958.0
Paolo_Lorenzi,1.83,2155498.0
Paradorn_Srichaphan,1.85,3459655.0
Park_Sung-hee,1.67,439788.0
Pascal_Portes,1.75,227283.0
Pascale_Paradis,1.75,577710.0
Pat_Cash,1.83,1950345.0
Pat_Du_Pré,1.9,533743.0
Pat_Rafter,1.85,1.1133128E7
Patricia_Hy-Boulais,1.63,1011116.0
Patricia_Kú_Flores,1.7,29175.0
Patricia_Mayr-Achleitner,1.69,976233.0
Philip_Bester,1.88,212015.0
Philipp_Davydenko,1.83,40379.0
Philipp_Kohlschreiber,1.78,8590291.0
Philipp_Marx,1.88,463260.0
Philipp_Oswald,2.01,576750.0
Philipp_Petzschner,1.85,3716142.0
Philippe_Pech,1.8,101424.0
Pierre-Hugues_Herbert,1.88,1462638.0
Pierre-Ludovic_Duclos,1.85,206342.0
Piet_Norval,1.85,1832303.0
Pieter_Aldrich,1.8,790019.0
Piia_Suomalainen,1.72,58142.0
Polina_Pekhova,1.81,52262.0
Polona_Hercog,1.82,2078594.0
Poojashree_Venkatesha,1.8,34906.0
Potito_Starace,1.88,3784550.0
Prakash_Amritraj,1.87,460805.0
Quentin_Halys,1.91,149674.0
Ričardas_Berankis,1.75,1531617.0
Robby_Ginepri,1.8288,3897123.0
Robert_Farah_(tennis),1.9,1010982.0
Robert_Kendrick,1.8288,1363811.0
Robert_Lindstedt,1.9,3093883.0
Robert_Seguso,1.905,1888353.0
Robert_Smeets,1.87,355595.0
Roberta_Vinci,1.63,1.0236387E7
Roberto_Argüello,1.73,241299.0
Roberto_Azar,1.85,441303.0
Roberto_Bautista_Agut,1.83,4004733.0
Roberto_Carballés_Baena,1.8,236326.0
Roberto_Carretero,1.78,680211.0
Roberto_Maytín,1.83,55320.0
Robin_Haase,1.9,3668432.0
Robin_Kern,1.9,66904.0
Robin_Söderling,1.93,1.0423124E7
Rod_Frawley,0.0,256333.0
Rod_Laver,0.0,1565413.0
Rodney_Harmon,1.8796,102003.0
Rodolphe_Cadart,1.8288,141251.0
Roger_Federer,1.85,9.7855881E7
Roger_Rasheed,1.8288,64951.0
Roger_Smith_(tennis),1.85,528200.0
Rogier_Wassen,1.9,1087985.0
Rogério_Dutra_Silva,1.78,741442.0
Rohan_Bopanna,1.9,2896162.0
Roko_Karanušić,1.83,788778.0
Rolf_Gehring,1.85,355057.0
Romain_Jouan,1.82,220804.0
Roman_Safiullin,1.83,300000.0
Roman_Valent,1.83,60375.0
Romana_Tabak,1.79,42131.0
Romina_Oprandi,1.72,1485345.0
Ronald_Agénor,1.8,2014601.0
Roscoe_Tanner,1.8288,1696198.0
Rosemary_Casals,1.524,1362222.0
Ross_Hutchins,1.9,831609.0
Ross_William_Guignon,1.78,1870.0
Rossana_de_los_Ríos,1.7,1077550.0
Roxane_Vaisemberg,1.7,98481.0
Éric_Winogradsky,1.87,370072.0
Érik_Chvojka,1.85,163316.0
Ruben_Bemelmans,1.83,997971.0
Rubén_Ramírez_Hidalgo,1.83,2224859.0
Rui_Machado,1.77,896997.0
Rushmi_Chakravarthi,1.7,122524.0
Ruxandra_Dragomir,1.68,1861426.0
Ryan_Harrison_(tennis),1.88,1929637.0
Ryan_Henry,1.8288,27824.0
Ryan_Sachire,1.8288,49419.0
Ryan_Shane,1.8288,45889.0
Ryan_Sweeting,1.96,1024486.0
Ryler_DeHeart,1.8288,214290.0
Ryōko_Fuda,1.65,185680.0
Réka-Luca_Jani,1.61,191153.0
Rüdiger_Haas,1.93,49741.0
Răzvan_Sabău,1.85,708886.0
Raluca_Olaru,1.73,936952.0
Raluca_Sandu,1.77,157333.0
Ramesh_Krishnan,1.7,1263130.0
Ramkumar_Ramanathan,1.88,37385.0
Ramón_Delgado,1.85,1385410.0
Raquel_Atawo,1.7,1615905.0
Raul_Viver,1.9,189118.0
Raven_Klaasen,1.8,1121733.0
Raúl_Ramírez,1.82,2217971.0
Rebecca_Llewellyn,1.65,58696.0
Rebecca_Marino,1.83,462287.0
Regina_Kulikova,1.83,438568.0
Renata_Kolbovic,1.68,185251.0
Renata_Voráčová,1.76,1331663.0
Rene_Simpson,1.65,485389.0
Renee_Blount,1.6256,21074.0
Rennae_Stubbs,1.78,5198172.0
Renzo_Furlan,1.75,2449043.0
Renzo_Olivo,1.78,260196.0
Rhyne_Williams,1.88,437639.0
Ricardo_Acuña,1.75,291650.0
Ricardo_Hocevar,1.8,338030.0
Ricardo_Mello,1.75,1483919.0
Ricardo_Ycaza,1.83,133237.0
Riccardo_Ghedin,1.88,285373.0
Richard_Becker_(tennis),1.98,37406.0
Richard_Bloomfield,1.85,347103.0
Richard_Gasquet,1.85,1.3574179E7
Richard_Krajicek,1.96,1.0077425E7
Richard_Muzaev,1.78,38021.0
Richard_Vogel,1.93,143874.0
Richey_Reneberg,1.8034,4430108.0
Richèl_Hogenkamp,1.7,339738.0
Rick_Leach,1.87,4294454.0
Rik_de_Voest,1.8,1344871.0
Rika_Fujiwara,1.55,841899.0
Rika_Hiraki,1.57,852103.0
Riko_Sawayanagi,1.63,40383.0
Rita_Grande,1.77,1858558.0
Rita_Kuti-Kis,1.76,472961.0
Rachel_McQuillan,1.7,1622632.0
Radek_Štěpánek,1.85,1.0807456E7
Radomír_Vašek,1.88,418622.0
Radoslav_Lukaev,1.89,55014.0
Radu_Albot,1.75,529742.0
Raemon_Sluiter,1.85,1716082.0
Rafael_Arévalo,1.8,34239.0
Rafael_Nadal,1.85,7.6023547E7
Rainer_Schüttler,1.8,7407508.0
Rajeev_Ram,1.93,2701949.0
Åsa_Svensson,1.78,1569134.0
Óscar_Burrieza,1.7,317384.0
Óscar_Hernández_(tennis),1.8,1929533.0
Óscar_Martínez_(tennis),1.85,240000.0
Santiago_Giraldo,1.88,3773360.0
Santiago_González_(tennis),1.9,1381337.0
Santiago_Ventura_Bertomeu,1.82,1240224.0
Saori_Obata,1.65,652031.0
Sara_Errani,1.64,1.2330961E7
Sara_Sorribes_Tormo,1.76,80939.0
Sarah_Pitkowski-Malcor,1.59,823787.0
Sarah_Taylor_(tennis),1.75,294946.0
Sargis_Sargsian,1.8,2603732.0
Saša_Tuksar,1.8,158054.0
Scarlett_Werner,1.72,66387.0
Scott_Barron_(tennis),1.8034,34262.0
Scott_Davis_(tennis),1.87,2287611.0
Scott_Draper,1.77,1594598.0
Scott_Lipsky,1.85,1436951.0
Scott_Warner_(tennis),1.9557999999999998,53917.0
Scoville_Jenkins,1.8796,267163.0
Sebastian_Rieschick,1.88,158739.0
Sebastián_Decoud,1.77,328980.0
Sekou_Bangoura,1.83,71817.0
Selima_Sfar,1.66,876041.0
Septi_Mende,1.65,15278.0
Sergei_Demekhine,1.92,25848.0
Sergey_Betov,1.85,178078.0
Sergi_Bruguera,1.87,1.1632199E7
Sergio_Casal,1.85,2107745.0
Sergio_Cortés,1.7,247706.0
Sergio_Galdós,1.81,69835.0
Sergio_Roitman,1.85,1206782.0
Sergiy_Stakhovsky,1.93,4151744.0
Sesil_Karatantcheva,1.71,1143184.0
Shahar_Pe'er,1.7,5147581.0
Shahar_Perkiss,1.93,206224.0
Shane_Barr,0.0,72239.0
Shannon_Golds,1.65,67836.0
Sharon_Fichman,1.63,620967.0
Shaun_Stafford,1.524,786504.0
Shelby_Rogers,1.75,744404.0
Shenay_Perry,1.7,837930.0
Sherwood_Stewart,1.8796,1602565.0
Shikha_Uberoi,1.73,214908.0
Shinobu_Asagoe,1.7,1662261.0
Shlomo_Glickstein,1.88,588880.0
Shuko_Aoyama,1.54,432640.0
Shuzo_Matsuoka,1.88,1117112.0
Silvia_Farina_Elia,1.72,3688252.0
Silvia_Njirić,1.63,39907.0
Silvija_Talaja,1.73,1135876.0
Simon_Aspelin,1.85,2121037.0
Simon_Greul,1.85,1213267.0
Simon_Stadler,1.83,587223.0
Simona_Halep,1.68,1.1193052E7
Simona_Matei,1.66,84879.0
Simone_Bolelli,1.83,4305267.0
Simone_Colombo,1.8,289230.0
Simone_Vagnozzi,1.73,460823.0
Sjeng_Schalken,1.93,5192798.0
Sloane_Stephens,1.7,3706201.0
Slobodan_Živojinović,1.98,1450654.0
Sofia_Arvidsson,1.76,2090487.0
Sofie_Oyen,1.6,28185.0
Somdev_Devvarman,1.8,1419467.0
Sonchat_Ratiwatana,1.75,406240.0
Sonja_Molnar,1.65,26500.0
Sonya_Jeyaseelan,1.57,730722.0
Sophie_Ferguson,1.77,438917.0
Sophie_Lefèvre,1.7,244824.0
Sophie_Letcher,1.65,32161.0
Sorana_Cîrstea,1.76,3096920.0
Srinath_Prahlad,1.85,42470.0
Srinivasan_Vasudevan,1.9,66359.0
Sriram_Balaji,1.82,71038.0
Stan_Smith,1.9304,1774811.0
Stan_Wawrinka,1.83,2.1155755E7
Stanislav_Vovk,1.85,67248.0
Stefan_Edberg,1.88,2.0630941E7
Stefan_Eriksson_(tennis),1.93,105682.0
Stefan_Koubek,1.75,3074920.0
Stefan_Kozlov,1.83,81889.0
Stefanie_Vögele,1.68,1583486.0
Stefano_Galvani,1.78,694063.0
Stefano_Napolitano,1.88,15290.0
Stefano_Pescosolido,1.85,1657671.0
Stefano_Travaglia,1.85,81612.0
Steffi_Graf,1.76,2.1895277E7
Stephanie_Bengson,1.8,37245.0
Stephanie_Rehe,1.8,570146.0
Stephanie_Vogt,1.67,326854.0
Stephen_Huss_(tennis),1.8,1010831.0
Steve_Campbell_(tennis),1.8288,484898.0
Steve_Darcis,1.77,2213063.0
Steve_Denton,1.87,1084664.0
Steve_Johnson_(tennis),1.88,2189425.0
Saana_Saarteinen,1.75,4883.0
Sabina_Sharipova,1.75,93047.0
Sabine_Appelmans,1.68,2054352.0
Sabine_Hack,1.7,941566.0
Sabine_Lisicki,1.78,6424542.0
Sabrina_Santamaria,1.6,20398.0
Sacha_Jones,1.68,193622.0
Sachia_Vickery,1.62,279694.0
Sachie_Ishizu,1.64,96453.0
Saketh_Myneni,1.93,146625.0
Sally_Peers,1.62,160977.0
Salvador_Navarro,1.8,257406.0
Sam_Barry_(tennis),1.88,40783.0
Sam_Groth,1.94,1434811.0
Sam_Querrey,1.98,6632989.0
Sam_Warburg,1.905,301995.0
Samantha_Crawford,1.8796,276890.0
Samantha_Murray_(tennis),1.78,173787.0
Samantha_Stosur,1.75,1.5122126E7
Sanam_Singh,1.75,100613.0
Sanchai_Ratiwatana,1.75,397622.0
Sander_Arends,1.96,23755.0
Sander_Groen,1.9,487.129
Sandon_Stolle,1.93,3762442.0
Sandra_Cecchini,1.69,1314473.0
Sandra_Dopfer,1.73,382801.0
Sandra_Kleinová,1.77,770761.0
Sandra_Klemenschits,1.73,261997.0
Sandra_Klösel,1.73,664310.0
Sandra_Martinović,1.74,136541.0
Sandra_Načuk,1.7,305150.0
Sandra_Samir,1.55,12918.0
Sandra_Zaniewska,1.72,125555.0
Sandra_Záhlavová,1.67,583310.0
Sandrine_Testud,1.76,3782307.0
Sandro_Ehrat,1.8,61848.0
Sandy_Gumulya,1.61,82455.0
Sandy_Mayer,1.78,1057783.0
Sania_Mirza,1.73,5860694.0
Sanja_Ančić,1.78,64537.0
Storm_Sanders,1.66,202297.0
Story_Tweedie-Yates,1.7018,70393.0
Stuart_Bale,1.8288,48554.0
Stéphane_Bohli,1.85,268555.0
Stéphane_Grenier_(tennis),1.9,52788.0
Stéphane_Huet,1.8,529583.0
Stéphane_Robert,1.85,1494264.0
Stéphane_Simian,1.93,799723.0
Stéphanie_Cohen-Aloro,1.75,908427.0
Stéphanie_Dubois,1.62,902867.0
Stéphanie_Foretz,1.66,1834827.0
Suchanun_Viratprasert,1.68,143536.0
Sue_Barker,1.524,878701.0
Sun_Peng,1.84,69629.0
Sun_Shengnan,1.7,290257.0
Sun_Tiantian,1.75,1019657.0
Sunitha_Rao,1.7018,238224.0
Suwandi_(tennis),1.78,76231.0
Svetlana_Kuznetsova,1.74,1.966209E7
Sybille_Bammer,1.74,1732746.0
Sylvia_Hanika,1.73,454347.0
Sylvia_Plischke,1.77,660386.0
Sándor_Noszály_(tennis),1.93,376265.0
Sébastien_Grosjean,1.75,8131804.0
Sébastien_Lareau,1.82,2879682.0
Sébastien_de_Chaunac,1.82,547906.0
Séverine_Brémond_Beltrame,1.72,1149705.0
Sílvia_Soler_Espinosa,1.69,1774712.0
Thiago_Alves_(tennis),1.77,581920.0
Thiemo_de_Bakker,1.93,1543645.0
Thierry_Ascione,1.87,1031961.0
Thierry_Champion,1.83,1255229.0
Thierry_Guardiola,1.88,525936.0
Thierry_Tulasne,1.77,1058412.0
Thomas_Enqvist,1.9,1.0461641E7
Thomas_Fabbiano,1.73,401939.0
Thomas_Högstedt,1.9,609935.0
Thomas_Johansson,1.8,7168029.0
Thomas_Muster,1.8,1.2252511E7
Thomas_Schoorel,2.02,264970.0
Thomaz_Bellucci,1.88,4230761.0
Tiago_Fernandes,1.88,22828.0
Tiffany_Welford,1.68,43367.0
Tigre_Hank,1.88,29563.0
Tim_Gullikson,1.524,1121880.0
Tim_Henman,1.85,1.1635542E7
Tim_Kopinski,1.83,4394.0
Tim_Mayotte,1.9,2663672.0
Tim_Smyczek,1.7526,1300432.0
Tim_Wilkison,1.8034,1289085.0
Timea_Bacsinszky,1.7,3599755.0
Timo_Nieminen,1.85,167767.0
Tina_Križan,1.75,868461.0
Tina_Pisnik,1.72,932577.0
Tina_Schiechtl,1.7,145075.0
Tobias_Clemens,1.85,95871.0
Tobias_Kamke,1.78,1945180.0
Todd_Larkham,1.78,306108.0
Todd_Martin,1.9812,8254455.0
Todd_Perry_(tennis),0.0,777545.0
Todd_Reid,1.8,301844.0
Todd_Woodbridge,1.78,1.0095245E7
Tom_Gullikson,1.524,889492.0
Tom_Kočevar-Desman,1.8,31732.0
Tom_Okker,1.77,1257200.0
Tom_Vanhoudt,1.83,675139.0
Tomas_Behrend,1.93,977352.0
Tomas_Nydahl,1.85,671903.0
Tommy_Haas,1.88,1.3313605E7
Tommy_Ho,1.8288,793819.0
Tommy_Paul_(tennis),1.88,89707.0
Tommy_Robredo,1.8,1.2840068E7
Tomás_Carbonell,1.78,3157584.0
Tomáš_Anzari,1.8,335020.0
Tomáš_Berdych,1.96,24.119
Tomáš_Cibulec,1.8,721654.0
Tomáš_Zíb,1.77,1395646.0
Tomáš_Šmíd,1.91,3699738.0
Toni_Androić,1.73,143671.0
Tony_Mmoh,1.78,112557.0
Tony_Roche,1.77,529199.0
Torben_Theine,1.8288,63641.0
Tore_Meinecke,1.8,242301.0
Toshihide_Matsui,1.8,194077.0
Tracy_Austin,1.651,2092380.0
Travis_Parrott,1.85,527632.0
Treat_Huey,1.78,946729.0
Trevor_Allan_(tennis),1.78,79423.0
Tripp_Phillips,1.85,310312.0
Tristan-Samuel_Weissborn,1.83,50583.0
Trudi_Musgrave,0.0,384221.0
Tsvetana_Pironkova,1.8,3707338.0
Tucker_Vorster,1.96,24143.0
Tuomas_Ketola,1.85,656258.0
Tzipora_Obziler,1.72,530572.0
Tímea_Babos,1.79,1863394.0
T._J._Middleton,1.82,378226.0
Tadeja_Majerič,1.78,256918.0
Takanyi_Garanganga,1.85,61700.0
Takao_Suzuki,1.75,716820.0
Takuto_Niki,1.82,90650.0
Tamara_Čurović,1.79,14562.0
Tamarine_Tanasugarn,1.65,3471304.0
Tamaryn_Hendler,1.74,103828.0
Tamira_Paszek,1.65,2376587.0
Tammi_Patterson,1.67,148026.0
Tanja_Tuomi,1.71,1202.0
Tara_Moore,1.63,250467.0
Tara_Snyder,1.75,641324.0
Taro_Daniel,1.91,368218.0
Tathiana_Garbin,1.72,2661973.0
Tati_Rascón,1.91,190867.0
Tatiana_Golovin,1.75,1923053.0
Tatiana_Ignatieva,1.73,153169.0
Tatiana_Panova,1.535,1561661.0
Tatiana_Perebiynis,1.73,1148734.0
Tatiana_Poutchek,1.76,1366302.0
Tatjana_Maria,1.72,1362136.0
Tatsuma_Ito,1.8,1103688.0
Taylor_Dent,1.88,2563378.0
Taylor_Fritz,1.93,168701.0
Taylor_Townsend_(tennis),1.7,472280.0
Teliana_Pereira,1.67,794348.0
Tennys_Sandgren,1.8796,172897.0
Teodora_Mirčić,1.68,151315.0
Tereza_Hladíková,1.82,66785.0
Tereza_Mrdeža,1.73,222390.0
Tereza_Smitková,1.76,664637.0
Terry_Holladay,1.8034,84186.0
Terry_Moor,1.78,776732.0
Teryn_Ashley,1.7526,275086.0
Teymuraz_Gabashvili,1.88,3448128.0
Thanasi_Kokkinakis,1.96,664047.0
Udo_Riglewski,1.83,842211.0
Uladzimir_Ignatik,1.83,353603.0
Ulf_Stenlund,1.8,274501.0
Uros_Vico,1.87,301406.0
Urszula_Radwańska,1.77,1838538.0
Ľubomíra_Kurhajcová,1.8,366913.0
Łukasz_Kubot,1.9,4713037.0
Vadim_Kutsenko,1.8,296663.0
Vahid_Mirzadeh,1.78,48967.0
Valda_Lake,1.7272,169985.0
Valentyna_Ivakhnenko,1.63,114120.0
Valeria_Savinykh,1.67,323833.0
Valeria_Solovyeva,1.68,194314.0
Valérie_Tétreault,1.7,158841.0
Van_Winitsky,1.83,408120.0
Vanessa_Menga,1.71,139973.0
Vanessa_Webb,1.8,345485.0
Vania_King,1.65,3613583.0
Varatchaya_Wongteanchai,1.69,156071.0
Varvara_Lepchenko,1.8,3348124.0
Vasek_Pospisil,1.93,3551651.0
Vasilis_Mazarakis,1.78,256787.0
Vasilisa_Bardina,1.69,236168.0
Veli_Paloheimo,1.8288,353661.0
Venus_Williams,1.8542,3.2638857E7
Vera_Dushevina,1.8,3184424.0
Vera_Zvonareva,1.72,1.3512165E7
Veronika_Kapshay,1.81,173512.0
Veronika_Martinek,1.6,410132.0
Verónica_Cepede_Royg,1.63,313545.0
Vesna_Dolonc,1.7,880653.0
Victor-Mugurel_Anagnastopol,1.93,27391.0
Victor_Amaya,2.0,694304.0
Victor_Crivoi,1.85,614504.0
Victor_Hănescu,1.98,4297051.0
Victor_Ioniță,1.85,141950.0
Victoria_Azarenka,1.83,2.6068236E7
Victoria_Duval,1.524,249103.0
Victoria_Larrière,1.68,137523.0
Victoria_Rodríguez,1.7,52215.0
Vijay_Amritraj,1.9304,1331913.0
Vijay_Sundar_Prashanth,1.83,47206.0
Viktor_Galović,1.92,36143.0
Viktor_Troicki,1.93,6117964.0
Viktorija_Golubic,1.69,175465.0
Viktorija_Rajicic,1.7,65501.0
Viktoriya_Kutuzova,1.69,586580.0
Viktoriya_Tomova,1.67,51655.0
Viktória_Kužmová,1.8,10020.0
Vince_Spadea,1.83,5004680.0
Vincent_Millot,1.73,534647.0
Vincent_Van_Patten,1.8034,433522.0
Violette_Huck,1.7,134004.0
Virginia_Ruano_Pascual,1.69,6076081.0
Virginia_Ruzici,1.73,1183728.0
Virginia_Wade,1.7018,1542278.0
Virginie_Razzano,1.73,3280487.0
Virág_Csurgó,1.72,159856.0
Virág_Németh,1.72,76455.0
Vishnu_Vardhan,1.88,125875.0
Vitalia_Diatchenko,1.8,610572.0
Vitas_Gerulaitis,1.83,2778748.0
Vladimir_Gabrichidze,1.75,108548.0
Vladimir_Voltchkov,1.8,1309401.0
Vladimír_Pláteník,1.8288,16656.0
Vladimíra_Uhlířová,1.65,871239.0
Vojislava_Lukić,1.75,63811.0
Víctor_Estrella_Burgos,1.73,1286742.0
Víctor_Pecci,1.93,994408.0
Wally_Masur,0.0,3134718.0
Wang_Qiang_(tennis),1.74,568380.0
Wang_Shi-ting,1.7,775006.0
Wayne_Arthurs_(tennis),1.9,3565838.0
Wayne_Black,1.7,3300258.0
Wayne_Ferreira,1.82,9969617.0
Wayne_Odesnik,1.8,1097781.0
Wendy_Turnbull,1.64,2769024.0
Werner_Eschauer,1.87,703610.0
Wesley_Moodie,1.96,2455112.0
Wesley_Whitehouse,1.9,191751.0
Wiltrud_Probst,1.7,823991.0
Wojciech_Fibak,1.82,2725403.0
Wolfgang_Popp,1.83,213504.0
Wolfgang_Schranz,1.78,168313.0
Wu_Di_(tennis),1.73,427411.0
Wukirasih_Sawondari,1.73,32187.0
Wynne_Prakusya,1.6,549498.0
Xavier_Malisse,1.85,5626935.0
Xenia_Knoll,1.75,77619.0
Yu_Xinyuan,1.81,78457.0
Yuan_Meng,1.68,398845.0
Yuki_Bhambri,1.83,365526.0
Yulia_Putintseva,1.63,818604.0
Yuliana_Fedak,1.66,820161.0
Yuliana_Lizarazo,1.75,58076.0
Yuliya_Beygelzimer,1.74,872544.0
Yuri_Schukin,1.87,719319.0
Yuuki_Tanaka,1.6,52137.0
Yves_Allegro,1.83,768327.0
Yvonne_Meusburger,1.75,1384838.0
Yūichi_Sugita,1.73,672429.0
Yahiya_Doumbia,1.85,287231.0
Yan_Zi,1.71,1977871.0
Yana_Buchina,1.68,48605.0
Yang_Tsung-hua,1.78,334765.0
Yanina_Wickmayer,1.83,3770776.0
Yannick_Mertens,1.89,310794.0
Yannick_Noah,1.93,3440660.0
Yaroslava_Shvedova,1.8,4783748.0
Yasmin_Schnack,1.78,45952.0
Yayuk_Basuki,1.64,1665152.0
Yevgeny_Kafelnikov,1.9,1.7467844E7
Yoon_Yong-il,1.75,190990.0
Yoshihito_Nishioka,1.7,317304.0
Youlia_Fedossova,1.81,315681.0
Younes_El_Aynaoui,1.93,4002608.0
Zack_Fleishman,1.8796,381160.0
Zarina_Diyas,1.72,1432049.0
Zeeshan_Ali,1.8,45664.0
Zeng_Shaoxuan,1.85,118412.0
Zhang_Ling_(tennis),1.78,153327.0
Zhang_Shuai_(tennis),1.76,1951942.0
Zhang_Ying_(tennis),1.9,8513.0
Zhang_Yuxuan,1.79,100359.0
Zhang_Ze,1.88,492946.0
Zhang_Zhizhen,1.91,24059.0
Zheng_Jie,1.64,6157773.0
Zheng_Saisai,1.7,1092277.0
Zina_Garrison,1.64,4590816.0
Zsófia_Gubacsi,1.73,375640.0
Zsófia_Susányi,1.7,8071.0
Zuzana_Kučová,1.7,418032.0
Zuzana_Ondrášková,1.74,879679.0
