"","Title","Height","Money"
"1","Çağla_Büyükakçay",172,417405
"2","Amir_Hadad",182,251884
"3","Amir_Weintraub",188,370785
"4","Amos_Mansdorf",173,2412691
"5","Amra_Sadiković",186,146419
"6","Amy_Bowtell",191,34664
"7","Amy_Frazier",175,3460799
"8","Amélie_Mauresmo",175,15022476
"9","An-Sophie_Mestach",170,296060
"10","Ana_Bogdan",170,112963
"11","Ana_Clara_Duarte",163,96178
"12","Ana_Ivanovic",184,15155610
"13","Ana_Konjuh",174,582998
"14","Ana_Sofía_Sánchez",162,69175
"15","Ana_Veselinović",173,49493
"16","Anabel_Medina_Garrigues",169,5830248
"17","Anand_Amritraj",185,332133
"18","Anastasia_Myskina",174,5606725
"19","Anastasia_Pavlyuchenkova",177,5582678
"20","Anastasia_Pivovarova",182,378134
"21","Anastasia_Poltoratskaya",166,53096
"22","Anastasia_Rodionova",167,3139356
"23","Anastasija_Sevastova",169,880430
"24","Anastasiya_Prenko",179,9857
"25","Anastasiya_Vasylyeva",182,178627
"26","Anastasiya_Yakimova",165,1071318
"27","Anaïs_Laurendon",169,129080
"28","Anca_Barna",175,746387
"29","Anda_Perianu",170,137172
"30","Anders_Järryd",180,5378067
"31","Andre_Agassi",152.4,31152975
"32","Andrea_Arnaboldi",175,413829
"33","Andrea_Gaudenzi",183,3063479
"34","Andrea_Gámiz",162,85782
"35","Andrea_Hlaváčková",174,3270633
"36","Andrea_Jaeger",167.64,1379065
"37","Andrea_Koch_Benvenuto",174,112829
"38","Andrea_Petkovic",180,5779256
"39","Andrea_Strnadová",175,504157
"40","Andrea_Temesvári",182,1162635
"41","Andreas_Beck_(tennis)",191,1507086
"42","Andreas_Haider-Maurer",190,1622559
"43","Andreas_Maurer",175,391562
"44","Andreas_Seppi",191,7558621
"45","Andreas_Siljeström",206,239351
"46","Andreas_Vinciguerra",180,1371733
"47","Andreea_Ehritt-Vanc",170,421040
"48","Andreea_Mitu",175,602458
"49","Andrei_Cherkasov",180,2260051
"50","Andrei_Merinov",183,185632
"51","Andrei_Olhovskiy",185,3208620
"52","Andrei_Pavel",182,5123329
"53","Andrei_Pătrui",170,942
"54","Andrei_Stoliarov",177,732336
"55","Andrei_Vasilevski_(tennis)",185,57466
"56","Andrej_Kračman",196,24209
"57","Andrej_Martin",180,406256
"58","Andreja_Klepač",175,840575
"59","Andres_Võsand",180,188934
"60","Andrew_Anderson_(tennis)",193,54889
"61","Andrew_Castle",190.5,344338
"62","Andrew_Foster_(tennis)",190,168329
"63","Andrew_Ilie",180,1327838
"64","Andrew_Sznajder",175,419995
"65","Andrey_Golubev",185,2526051
"66","Andrey_Kuznetsov_(tennis)",185,1484853
"67","Andrey_Rublev_(tennis)",188,229679
"68","Andriy_Medvedev",193,6721560
"69","André_Ghem",193,445700
"70","André_Miele",174,106213
"71","André_Sá",185,2416038
"72","Andrés_Gómez",193,4385130
"73","Andy_Kohlberg",152.4,169395
"74","Andy_Murray",191,43601346
"75","Andy_Ram",180,2593432
"76","Andy_Roddick",188,20640030
"77","Anett_Kontaveit",174,478703
"78","Anett_Schutting",170,4608
"79","Angela_Haynes",152.4,492625
"80","Angelika_Roesch",172,371951
"81","Angelique_Kerber",173,11865558
"82","Angelique_Widjaja",173,533037
"83","Ani_Amiraghyan",168,31225
"84","Anikó_Kapros",173,490850
"85","Anke_Huber",173,4768292
"86","Anna-Lena_Friedsam",174,726481
"87","Anna-Lena_Grönefeld",180,3414978
"88","Anna_Arina_Marenko",170,20158
"89","Anna_Bieleń-Żarska",174,108692
"90","Anna_Blinkova",177,3814
"91","Anna_Brazhnikova",165,25796
"92","Anna_Chakvetadze",171,3909854
"93","Anna_Földényi",165,203326
"94","Anna_Karolína_Schmiedlová",176,1321844
"95","Anna_Korzeniak",170,107340
"96","Anna_Kournikova",173,3584662
"97","Anna_Lapushchenkova",172,253680
"98","Anna_Morgina",170,54671
"99","Anna_Orlik",169,16271
"100","Anna_Smashnova",157,2274431
"101","Anna_Tatishvili",171,1416094
"102","Anna_Wishink",172,15621
"103","Anna_Zaporozhanova",174,72700
"104","Anne-Gaëlle_Sidot",172,1236925
"105","Anne_Hobbs",168,166045
"106","Anne_Kremer",165,1567313
"107","Anne_Smith",165.1,1163494
"108","Annika_Beck",169,1471948
"109","Ansley_Cargill",152.4,338622
"110","Antal_van_der_Duim",187,101223
"111","Ante_Pavić",196,116419
"112","Anton_Zaitcev",180,51365
"113","Antonella_Serra_Zanetti",168,722547
"114","Antonia_Lottner",185,54995
"115","Albano_Olivetti",203,275356
"116","Albert_Costa",180,7673478
"117","Albert_Montañés",175,5651484
"118","Albert_Portas",188,2972441
"119","Albert_Ramos",188,2478401
"120","Alberta_Brianti",165,1215900
"121","Alberto_Berasategui",172,4676187
"122","Alberto_Mancini",180,1543120
"123","Alberto_Martín",175,3840885
"124","Alberto_Tous",175,200221
"125","Albina_Khabibulina",162,34779
"126","Aldin_Šetkić",193,183342
"127","Alejandro_Aramburu",175,143267
"128","Alejandro_Falla",185,3006954
"129","Alejandro_Ganzábal",180,151882
"130","Alejandro_González_(tennis)",190,900406
"131","Alejandro_Gómez_(tennis)",188,8181
"132","Alejo_Mancisidor",183,149180
"133","Aleksandar_Kitinov",190,618346
"134","Aleksandr_Nedovyesov",193,689591
"135","Aleksandra_Krunić",167,840118
"136","Aleksandra_Wozniak",175,1936158
"137","Alena_Vašková",175,236165
"138","Alessandro_Giannessi",180,249014
"139","Alessandro_Motti",185,156925
"140","Alessandro_de_Minicis",175,120206
"141","Alessio_di_Mauro",185,812621
"142","Alex_Antonitsch",188,1024171
"143","Alex_Bogdanovic",183,695395
"144","Alex_Bogomolov,_Jr.",178,1946779
"145","Alex_Kuznetsov",183,862862
"146","Alex_Llompart",152.4,12616
"147","Alex_O'Brien",185,3535415
"148","Alex_Reichel",193.04,135419
"149","Alex_Rădulescu",187,698887
"150","Alexa_Glatch",187.96,722310
"151","Alexander_Kudryavtsev",182,764313
"152","Alexander_Mronz",188,830234
"153","Alexander_Peya",182,3324463
"154","Alexander_Popp",201,976038
"155","Alexander_Sadecky",193,94785
"156","Alexander_Sarkissian",182.88,47254
"157","Alexander_Satschko",180,238264
"158","Alexander_Slabinsky",185,195456
"159","Alexander_Volkov_(tennis)",188,3362786
"160","Alexander_Waske",187,1339987
"161","Alexander_Zverev_(tennis_player,_born_1997)",198,679009
"162","Alexandr_Dolgopolov",180,5433956
"163","Alexandra_Cadanțu",170,732372
"164","Alexandra_Dulgheru",172,1920164
"165","Alexandra_Fusai",176,1608170
"166","Alexandra_Mueller",180,140025
"167","Alexandra_Nancarrow",165,42721
"168","Alexandra_Panova",179,1036626
"169","Alexandra_Stevenson",185,1430348
"170","Alexandre_Sidorenko",185,402454
"171","Alexandre_Simoni",187,394788
"172","Alexey_Kedryuk",191,140988
"173","Ali_Hamadeh",186,29345
"174","Aliaksandra_Sasnovich",174,446948
"175","Alice_Canepa",173,217781
"176","Alicia_Molik",152.4,3185805
"177","Alicja_Rosolska",166,921944
"178","Alina_Jidkova",168,1128467
"179","Alisa_Kleybanova",181,2475138
"180","Alison_Bai",169,108462
"181","Alison_Riske",175,1655286
"182","Alison_Van_Uytvanck",179,1025154
"183","Alizé_Cornet",173,4524237
"184","Alizé_Lim",173,272850
"185","Aliénor_Tricerri",172,59481
"186","Aljaž_Bedene",183,1222526
"187","Alla_Kudryavtseva",178,2716496
"188","Allison_Bradshaw",180,168068
"189","Alona_Bondarenko",168,2652437
"190","Alona_Pushkarevsky",174,4654
"191","Alyona_Sotnikova",170,53475
"192","Alyssa_Boey",165,2616
"193","Amanda_Coetzer",158,5594821
"194","Amanda_Hopmans",167,331012
"195","Amandine_Hesse",164,277516
"196","Amber_Liu_(tennis)",170,112326
"197","Amer_Delić",196,935
"198","Antonio_Veić",180,556771
"199","Antony_Dupuis",185,1590813
"200","Arantxa_Parra_Santonja",176,1974968
"201","Arantxa_Rus",180,890863
"202","Arantxa_Sánchez_Vicario",169,16942640
"203","Aranza_Salut",170,58643
"204","Aravane_Rezaï",165,2805748
"205","Ariel_Behar",182,46301
"206","Arina_Rodionova",168,608019
"207","Arnaud_Boetsch",183,3031247
"208","Arnaud_Clément",172,7125228
"209","Arnaud_Di_Pasquale",185,1162796
"210","Arne_Thoms",188,392142
"211","Artem_Sitak",181,359752
"212","Arthur_Ashe",187.96,1584909
"213","Arthur_De_Greef_(tennis)",182.88,119020
"214","Arvind_Parmar",193.04,519643
"215","Ashley_Fisher",183,778883
"216","Ashley_Harkleroad",152.4,1022094
"217","Ashley_Weinhold",165,165430
"218","Ashvarya_Shrivastava",160,7454
"219","Asia_Muhammad",173,227030
"220","Astrid_Besser",182,38694
"221","Attila_Balázs",182,145600
"222","Attila_Sávolt",183,698823
"223","Audra_Cohen",152.4,72901
"224","Audrey_Bergot",175,72858
"225","Augustin_Gensse",180,250639
"226","Austin_Krajicek",182.88,623562
"227","Axel_Michon",176,253075
"228","Ayaka_Okuno",170,38271
"229","Ayan_Broomfield",170,7184
"230","Ayu_Fani_Damayanti",162,90849
"231","Ayumi_Morita",163,1560126
"232","Azra_Hadzic",172,37343
"233","Aaron_Krickstein",187.96,3710447
"234","Abigail_Guthrie",170,5464
"235","Abigail_Spears",175,2074962
"236","Adam_Feeney",178,246101
"237","Adam_Majchrowicz",188,14478
"238","Adil_Shamasdin",180,363329
"239","Adrian_Mannarino",180,2817697
"240","Adrian_Ungur",178,879598
"241","Adrian_Voinea",185,1836277
"242","Adriana_Barna",173,239001
"243","Adriana_Gerši",166,568774
"244","Adriana_Pérez",163,65249
"245","Adriano_Ferreira",193,92834
"246","Adriano_Panatta",183,776187
"247","Adrián_García",175,605689
"248","Adrián_Menéndez-Maceiras",185,672548
"249","Agnieszka_Radwańska",173,22452201
"250","Agustín_Calleri",182,3699134
"251","Ahmed_El-Mehelmy",182.88,26515
"252","Ahsha_Rolle",172,388608
"253","Ai_Sugiyama",163,8128126
"254","Aiko_Nakamura",163,862381
"255","Aisam-ul-Haq_Qureshi",183,2387136
"256","Aivaras_Balžekas",180,5328
"257","Ajla_Tomljanović",180,1362230
"258","Akgul_Amanmuradova",190,1456877
"259","Akiko_Morigami",165,1177175
"260","Akiko_Omae",162,79697
"261","Alan_Mackin_(tennis)",152.4,181136
"262","Balázs_Taróczy",182,1437443
"263","Bar_Tzuf_Botzer",182.88,12150
"264","Barbara_Haas",165,57139
"265","Barbara_Paulus",177,1294945
"266","Barbara_Potter",175,1313808
"267","Barbara_Rittner",173,1829648
"268","Barbara_Schett",176,3109510
"269","Barbara_Schwartz_(tennis)",181,510141
"270","Barbora_Krejčíková",178,179744
"271","Barbora_Strýcová",164,4327536
"272","Barry_Cowan_(tennis)",187.96,315856
"273","Bea_Bielik",183,83216
"274","Beatrice_Capra",175,82836
"275","Beatrice_Gumulya",161,14529
"276","Beatriz_García_Vidagany",163,204950
"277","Beatriz_Haddad_Maia",184,91126
"278","Belinda_Bencic",175,2450992
"279","Belinda_Woolcock",173,8269
"280","Ben_Testerman",185.42,375659
"281","Benedikt_Dorsch",178,251123
"282","Benjamin_Balleret",185,275090
"283","Benjamin_Becker",178,4031768
"284","Benoît_Paire",196,3202196
"285","Bernard_Tomic",196,3766560
"286","Bernardo_Mota",178,253056
"287","Bernd_Karbacher",185,2043057
"288","Bethanie_Mattek-Sands",167.64,4522295
"289","Betina_Jozami",180,155059
"290","Betsy_Nagelsen",175,1016519
"291","Bettina_Bunge",173,357876
"292","Betty_Stöve",180,1047356
"293","Beverly_Mould",160,24763
"294","Bianca_Andreescu",165,4651
"295","Bianca_Botto",178,95539
"296","Bibiane_Weijers",168,99213
"297","Bill_Scanlon",185,1427007
"298","Billie_Jean_King",164,1966487
"299","Bjorn_Fratangelo",183,231610
"300","Björn_Borg",180,3655751
"301","Björn_Phau",175,1983070
"302","Björn_Rehnquist",175,363014
"303","Blake_Strode",188,60116
"304","Blaž_Kavčič",188,1496632
"305","Blaž_Rola",193,532612
"306","Bob_Bryan",193.04,13389866
"307","Bob_Green_(tennis)",193.04,174337
"308","Bob_Hewitt",182.88,613837
"309","Bob_Lutz_(tennis)",152.4,1165276
"310","Bobby_Reynolds",182.88,1573292
"311","Bohdan_Ulihrach",188,3553302
"312","Bojana_Bobusic",170,127959
"313","Bojana_Jovanovski",175,2124445
"314","Boris_Becker",190,18343408
"315","Boris_Pašanski",180,832760
"316","Borna_Ćorić",185,1004925
"317","Borut_Urh",190,49943
"318","Boy_Westerhof",185,212757
"319","Brad_Gilbert",185,5509060
"320","Brad_Pearce_(tennis)",152.4,818850
"321","Bradley_Klahn",183,539502
"322","Branislav_Stankovič",175,167847
"323","Brayden_Schnur",190,24766
"324","Brenda_Schultz-McCarthy",188,2620024
"325","Brendan_Evans",192,410076
"326","Brent_Larkham",178,144612
"327","Brett_Hansen-Dent",182.88,58580
"328","Brett_Steven",182.88,2439714
"329","Brian_Baker_(tennis)",182.88,717365
"330","Brian_Battistone",190,76398
"331","Brian_Dabul",170,728653
"332","Brian_Devening",185.42,177318
"333","Brian_Garrow",173,242556
"334","Brian_Gottfried",182.88,2782514
"335","Brian_Teacher",190.5,1426514
"336","Brian_Vahaly",182.88,926975
"337","Brian_Wilson_(tennis)",190.5,132648
"338","Brie_Rippner",175,382708
"339","Bruce_Manson",172.72,492338
"340","Bruno_Orešar",175,361152
"341","Bruno_Soares",180,3088966
"342","Bryan_Shelton",185,1234108
"343","Bryanne_Stewart",174,539614
"344","Brydan_Klein",183,422484
"345","Bun_Kenny",180,7234
"346","Butch_Walts",193.04,454343
"347","Byron_Talbot",183,861245
"348","Bárbara_Luz",170,39306
"349","Charles_Strode",182.88,108448
"350","Charlotte_Petrick",178,8180
"351","Charlotte_Römer",171,12262
"352","Chase_Buchanan",193.04,191516
"353","Chelsey_Gullickson",152.4,48947
"354","Chen_Ti",183,343567
"355","Chip_Hooper",198.12,479798
"356","Cho_Yoon-jeong",167,603590
"357","Chris_Bailey_(tennis)",195.58,208917
"358","Chris_Eaton_(tennis)",182.88,168596
"359","Chris_Evert",168,8895195
"360","Chris_Haggard",178,1195315
"361","Chris_Lewis_(tennis)",180,647550
"362","Chris_Wilkinson",180,2400000
"363","Chris_Woodruff",188,1903659
"364","Christer_Allgardh",190,231280
"365","Christian_Bergström",180,1262792
"366","Christian_Garin",183,76610
"367","Christian_Harrison",178,70124
"368","Christian_Lindell",193,177220
"369","Christian_Miniussi",185,651069
"370","Christian_Ruud",188,1399813
"371","Christian_Saceanu",190,738632
"372","Christian_Vinck",183,482534
"373","Christina_McHale",170,2248571
"374","Christina_Singer",176,517879
"375","Christina_Wheeler",161,357140
"376","Christo_van_Rensburg",186,1928431
"377","Christophe_Rochus",170,2312971
"378","Christophe_Roger-Vasselin",188,8937
"379","Christopher_Kas",187,1250650
"380","Christopher_Rungkat",174,28943
"381","Chuang_Chia-jung",168,1427673
"382","Chuck_Adams",185.42,818519
"383","Chung_Hyeon",185,402921
"384","CiCi_Bellis",168,145344
"385","Ciprian_Petre_Porumb",196,24735
"386","Claire_Curran",173,62153
"387","Claire_Feuerstein",178,489036
"388","Clarisa_Fernández",179,678184
"389","Claudia_Kohde-Kilsch",187,2227116
"390","Claudine_Schaul",169,542186
"391","Claudio_Grassi",180,135321
"392","Claudio_Panatta",178,455711
"393","Clay_Thompson",198,9570
"394","Clothilde_de_Bernardi",173,40308
"395","Coco_Vandeweghe",185,2186512
"396","Colin_Dowdeswell",185.42,327277
"397","Collin_Altamirano",187.96,49422
"398","Conchita_Martínez",173,11527977
"399","Conchita_Martínez_Granados",171,618599
"400","Conor_Niland",185,247686
"401","Corrado_Barazzutti",178,775783
"402","Costin_Pavăl",188,19732
"403","Craig_Campbell_(tennis)",190.5,65931
"404","Cristian_Villagrán",180,191594
"405","Cristiano_Caratti",178,1368916
"406","Cristina_Torrens_Valero",171,1000722
"407","Csilla_Borsányi",168,13152
"408","Ctislav_Doseděl",182,2452512
"409","Cyril_Saulnier",191,1391440
"410","Cyril_Suk",180,3651530
"411","Cássio_Motta",180,986595
"412","Cédric_Pioline",187,6921029
"413","César_Ramírez_(tennis)",189,134027
"414","Cătălin-Ionuț_Gârd",175,150209
"415","Caitlin_Whoriskey",174,48353
"416","Calvin_Hemery",188,50942
"417","Camila_Giorgi",168,1739263
"418","Camille_Pin",162,980663
"419","Cara_Black",152.4,7687467
"420","Carina_Witthöft",176,621670
"421","Carl-Uwe_Steeb",180,2320082
"422","Carla_Suárez_Navarro",162,7185361
"423","Carles_Poch-Gradin",185,144873
"424","Carling_Bassett-Seguso",168,643347
"425","Carlos_Berlocq",182,3351596
"426","Carlos_Costa_(tennis)",182,3134189
"427","Carlos_Cuadrado",180,83404
"428","Carlos_Gattiker",175,121831
"429","Carlos_Kirmayr",172,570207
"430","Carlos_Moyá",190,13390822
"431","Carlos_Salamanca",196,304508
"432","Carlos_di_Laura",152.4,173556
"433","Carly_Gullickson",178,541215
"434","Carmen_Klaschka",172,118907
"435","Carol_Zhao",165,83776
"436","Caroline_Garcia",177,2205210
"437","Caroline_Maes",167,159891
"438","Caroline_Rohde-Moe",178,9623
"439","Caroline_Vis",180,1086821
"440","Caroline_Wozniacki",177,20717420
"441","Carsten_Arriens",193,314588
"442","Carsten_Ball",198,671061
"443","Casey_Dellacqua",165,3797983
"444","Catalina_Castaño",171,1162113
"445","Catarina_Ferreira",162,25811
"446","Cecilia_Costa_Melgar",160,47522
"447","Cecilia_Estlander",178,4395
"448","Cedrik-Marcel_Stebe",183,558568
"449","Chan_Chin-wei",169,386567
"450","Chan_Hao-ching",175,881684
"451","Chan_Yung-jan",170,2852397
"452","Chanda_Rubin",168,4469990
"453","Chanel_Simmonds",165,201669
"454","Chanelle_Scheepers",174,1949415
"455","Chang_Kai-chen",167,763966
"456","Charles_Auffray",182.88,74867
"457","Charles_Beckman",185.42,215307
"458","Ádám_Kellner",187,63937
"459","Édouard_Roger-Vasselin",188,4097546
"460","Danilo_Marcelino",193,419467
"461","Danka_Kovinić",170,611089
"462","Danny_Sapsford",172,450722
"463","Daria_Gavrilova",166,946218
"464","Darija_Jurak",180,611476
"465","Darren_Cahill",188,1349247
"466","Darren_Walsh_(tennis)",182.88,28499
"467","David_Engel_(tennis)",180,363721
"468","David_Ferrer",175,28648017
"469","David_Goffin",180,2908190
"470","David_Guez",185,684843
"471","David_Marrero",185,1890625
"472","David_Martin_(tennis)",185.42,355253
"473","David_Nainkin",182.88,501132
"474","David_Nalbandian",180,11114755
"475","David_O'Hare",193,15473
"476","David_Pate",182,2029723
"477","David_Prinosil",185.42,4016496
"478","David_Rikl",178,3063257
"479","David_Sherwood",182.88,126338
"480","David_Sánchez_(tennis)",183,1451767
"481","David_Wheaton",193,5238401
"482","David_Witt",190,309193
"483","David_de_Miguel",175,162135
"484","David_Škoch",182,774033
"485","Davide_Sanguinetti",187,2935323
"486","Dean_O'Brien_(tennis)",178,46074
"487","Delia_Sescioreanu",170,65912
"488","Denis_Golovanov",188,223998
"489","Denis_Gremelmayr",183,1023310
"490","Denis_Istomin",188,4214904
"491","Denis_Kudla",180.34,1161892
"492","Denis_Matsukevich",190,154236
"493","Denis_Shapovalov",183,6168
"494","Denisa_Allertová",180,505886
"495","Denisa_Chládková",174,1343285
"496","Deniss_Pavlovs",185,96567
"497","Dennis_Lajola",179,17466
"498","Dennis_Novak",183,35989
"499","Dennis_Novikov",193.04,203023
"500","Dennis_van_Scheppingen",185,871276
"501","Denys_Molchanov",190,374325
"502","Derrick_Rostagno",185.42,1621535
"503","Devin_Bowen",183,466878
"504","Devin_Britton",193.04,81388
"505","Dia_Evtimova",168,208422
"506","Diana_Julianto",160,7818
"507","Dianne_Fromholtz",165,1145377
"508","Dick_Norman",203,1309890
"509","Dick_Stockton_(tennis)",188,1063385
"510","Diego_Hartfield",185,506586
"511","Diego_Junqueira",178,727371
"512","Diego_Nargiso",188,1807857
"513","Diego_Pérez_(tennis)",178,1042224
"514","Diego_Schwartzman",170,938716
"515","Diego_Veronelli",193,179686
"516","Diego_Álvarez_(tennis)",185,139675
"517","Dieter_Kindlmann",180,376578
"518","Dimitri_Poliakov",183,438529
"519","Dinah_Pfizenmaier",171,474670
"520","Dinara_Safina",188,10585640
"521","Dino_Marcan",177,127325
"522","Dinu_Pescariu",185,676503
"523","Dirk_Dier",185,388546
"524","Divij_Sharan",182.88,193090
"525","Diāna_Marcinkēviča",170,133554
"526","Dmitri_Sitak",183,102908
"527","Dmitry_Tursunov",185,4831684
"528","Dominic_Inglot",182.88,909093
"529","Dominic_Thiem",185,2613902
"530","Dominik_Hrbatý",182,7065241
"531","Dominik_Meffert",198,502476
"532","Dominika_Cibulková",160.02,7002934
"533","Dominika_Kaňáková",175,8449
"534","Dominique_Monami",170,2015702
"535","Doménica_González",166,6995
"536","Donald_Johnson",190.5,2294944
"537","Donald_Young_(tennis)",183,2826051
"538","Donna_Vekić",179,893527
"539","Doug_Burke_(tennis)",180,40488
"540","Doug_Flach",183,678432
"541","Dovydas_Šakinis",189,6176
"542","Dragana_Zarić",170,165828
"543","Duan_Yingying",186,436334
"544","Dudi_Sela",175.26,2756926
"545","Dustin_Brown_(tennis)",196,1802316
"546","Dušan_Lajović",180,1338319
"547","Dušan_Vemić",190,1281902
"548","Dácio_Campos",185.42,101721
"549","Dája_Bedáňová",171,902005
"550","Dally_Randriantefy",165,663958
"551","Damir_Džumhur",175,705252
"552","Dan_Goldie",187.96,682952
"553","Danai_Udomchoke",172,1095170
"554","Danie_Visser",180,1528201
"555","Daniel_Alejandro_López",183,36126
"556","Daniel_Berta",178,27060
"557","Daniel_Brands",196,1808373
"558","Daniel_Cox",152.4,228962
"559","Daniel_Dutra_da_Silva",175,77768
"560","Daniel_Elahi_Galán",191,13619
"561","Daniel_Elsner",182,389334
"562","Daniel_Evans_(tennis)",152.4,517540
"563","Daniel_Garza",171,189599
"564","Daniel_Gimeno-Traver",185,2959985
"565","Daniel_Glancy",180.34,26466
"566","Daniel_Kosakowski",182.88,69703
"567","Daniel_Köllerer",176,430086
"568","Daniel_Melo",185,223693
"569","Daniel_Nestor",191,12200465
"570","Daniel_Orsanic",183,1000200
"571","Daniel_Smethurst",182.88,168181
"572","Daniel_Vacek",190,4803388
"573","Daniela_Hantuchová",181,10300860
"574","Daniela_Seguel",171,90732
"575","Daniele_Bracciali",180,1742942
"576","Daniele_Giorgini",180,165585
"577","Daniele_Musa",182.88,183355
"578","Danielle_Collins",177.8,4964
"579","Daniil_Medvedev",198,24234
"580","Edan_Leshem",183,3848
"581","Eddie_Dibbs",170.18,2016426
"582","Eddie_Edwards_(tennis)",190.5,441869
"583","Edgardo_Massa",180,300279
"584","Edina_Gallovits-Hall",165,1225667
"585","Eduardo_Bengoechea",185,476094
"586","Eduardo_Masso",178,400093
"587","Eduardo_Osta",160,43441
"588","Eduardo_Schwank",183,1453012
"589","Edwin_Kempes",188,322221
"590","Ekaterina_Bychkova",171,845042
"591","Ekaterina_Dzehalevich",168,274820
"592","Ekaterina_Makarova",180,8621748
"593","Elena_Baltacha",175,1190893
"594","Elena_Bogdan",183,182796
"595","Elena_Bovina",189,1987023
"596","Elena_Chalova",171,111293
"597","Elena_Dementieva",180,14867437
"598","Elena_Likhovtseva",174,6237556
"599","Elena_Tatarkova",170,861974
"600","Elena_Vesnina",176,6856685
"601","Eleni_Daniilidou",182,2898509
"602","Elias_Ymer",183,290625
"603","Elina_Svitolina",175,2498305
"604","Eliot_Teltscher",178,1653997
"605","Elise_Tamaëla",172,190799
"606","Elizaveta_Kulichkova",176,341758
"607","Ella_Leivo",179,9460
"608","Ellen_Barry_(tennis)",173,31047
"609","Ellen_Perez",168,9131
"610","Ellis_Ferreira",188,2378295
"611","Els_Callens",178,1666023
"612","Ema_Burgić_Bucko",178,28362
"613","Emanuel_Couto",183,269001
"614","Emilio_Benfele_Álvarez",182,898962
"615","Emilio_Sánchez",180,5339395
"616","Emily_Webley-Smith",168,269237
"617","Emma_Helistén",170,698
"618","Emma_Laine",164,493020
"619","Emmanuelle_Gagliardi",171,1739751
"620","Ergün_Zorlu",182.88,12287
"621","Eric_Butorac",190.5,1645915
"622","Eric_Fromm",178,3602644
"623","Eric_Jelen",180,1100059
"624","Eric_Quigley",185,41097
"625","Erika_Sema",163,255845
"626","Erika_de_Lone",170,766020
"627","Erin_Routliffe",188,12756
"628","Ernests_Gulbis",190,5768390
"629","Estrella_Cabeza_Candela",173,420130
"630","Eugenie_Bouchard",178,4689806
"631","Eva_Bes",170,387864
"632","Eva_Birnerová",170,1131089
"633","Eva_Dyrberg",175,225826
"634","Eva_Fernández_Brugués",163,129897
"635","Eva_Fislová",180,181687
"636","Eva_Hrdinová",191,446598
"637","Eva_Martincová",170,326219
"638","Evgenia_Kulikovskaya",163,427801
"639","Evgenia_Linetskaya",177,333645
"640","Evgeniya_Rodina",170,1045469
"641","Evgeny_Donskoy",185,1193375
"642","Evgeny_Kirillov",183,132060
"643","Evgeny_Korolev",185,1509207
"644","Evie_Dominikovic",173,638461
"645","Eyal_Erlich",183,172773
"646","Francisco_Cabello_(tennis)",190,177975
"647","Francisco_Clavet",182,4278632
"648","Francisco_Costa_(tennis)",180,305428
"649","Francisco_Maciel",185,213185
"650","Francisco_Montana",182.88,1248094
"651","Francisco_Roig",175,1466830
"652","Francisco_Yunis",190,198607
"653","Franco_Davín",173,1108860
"654","Franco_Ferreiro",188,388200
"655","Franco_Squillari",182,2504591
"656","Frank_Dancevic",185,1675098
"657","Frank_Moser_(tennis)",193,528378
"658","Franko_Škugor",203,314480
"659","František_Čermák",193,2417037
"660","Françoise_Abanda",178,80969
"661","Fred_Hemmes,_Jr.",183,142365
"662","Fred_Simonsson",185,10968
"663","Frederico_Gil",178,1400619
"664","Frederik_Fetterlein",190,441561
"665","Frederik_Nielsen",190,863873
"666","Fredrik_Jonsson",193,291169
"667","Frew_McMillan",183,609072
"668","Fritz_Buehning",196,608506
"669","Frédéric_Fontang",183,513509
"670","Frédéric_Niemeyer",190,530673
"671","Frédéric_Vitoux_(tennis)",173,133362
"672","Félix_Auger-Aliassime",188,4008
"673","Félix_Mantilla_Botella",180,5311964
"674","Fabiano_de_Paula",178,121507
"675","Fabio_Fognini",178,7175087
"676","Fabiola_Zuluaga",172,1358668
"677","Fabrice_Martin",198,293071
"678","Fabrice_Santoro",177,10021132
"679","Facundo_Argüello_(tennis)",178,394271
"680","Farrukh_Dustov",196,469010
"681","Fatma_Al-Nabhani",170,116151
"682","Federico_Browne",180,370589
"683","Federico_Delbonis",190,1795608
"684","Federico_Luzzi",187,544562
"685","Feliciano_López",188,11505158
"686","Felipe_Parada",175,76974
"687","Ferdi_Taygan",172.72,668104
"688","Fernanda_Brito",172,24961
"689","Fernanda_Hermenegildo",166,52261
"690","Fernando_González",183,11862276
"691","Fernando_Luna",175,561404
"692","Fernando_Meligeni",180,2558867
"693","Fernando_Romboli",180,152345
"694","Fernando_Verdasco",188,12319188
"695","Fernando_Vicente",180,2917616
"696","Filip_Dewulf",193,1503987
"697","Filip_Horanský",175,40186
"698","Filip_Krajinović",185,698713
"699","Filip_Peliwo",180,118102
"700","Filip_Polášek",195,975899
"701","Filippo_Volandri",183,3877544
"702","Finn_Tearney",180,31882
"703","Fiona_Ferro",170,44564
"704","Flavia_Pennetta",172,14197917
"705","Flavio_Cipolla",173,1589886
"706","Florencia_Molinero",164,209535
"707","Florent_Serra",180,2895039
"708","Florian_Mayer",190,5464940
"709","Florin_Mergea",180,1152189
"710","Flávio_Saretta",182,1237904
"711","Frances_Tiafoe",188,140291
"712","Francesca_Lubiani",168,421264
"713","Francesca_Schiavone",166,10578971
"714","Francesca_Segarelli",170.18,25366
"715","Francesco_Aldi",175,254542
"716","Francesco_Cancellotti",183,464876
"717","Gary_Donnelly",182.88,370579
"718","Gary_Muller",190,1447455
"719","Gastão_Elias",180,520674
"720","Gastón_Etlis",185,1562959
"721","Gastón_Gaudio",175,6066156
"722","Gaël_Monfils",193,9585813
"723","Gene_Mayer",182.88,1382422
"724","Geoff_Grant",182,351932
"725","George_Cosac",190,86518
"726","George_Morgan_(tennis)",190,3e+06
"727","Georgie_Gent",165,111311
"728","Germain_Gigounon",178,161099
"729","Germán_López",193,298869
"730","Germán_Puentes",173,481369
"731","Gero_Kretschmer",189,179565
"732","Gianluca_Naso",191,350700
"733","Gianluca_Pozzi",180,2272035
"734","Gianluigi_Quinzi",191,57994
"735","Gianni_Mina",185,104996
"736","Gianni_Ocleppo",183,325570
"737","Gigi_Fernández",170,4681906
"738","Gilad_Bloom",173,694271
"739","Gilbert_Schaller",180,1317163
"740","Gilles_Elseneer",188,477478
"741","Gilles_Müller",193,3328680
"742","Gilles_Simon",183,10648380
"743","Gioia_Barbieri",170,124490
"744","Giorgi_Chantouria",178,611
"745","Giorgio_Galimberti",180,619170
"746","Ágnes_Szatmári",161,121614
"747","Ágnes_Szávay",171,2086125
"748","Gabriel_Markus",180,613203
"749","Gabriel_Moraru",180,169591
"750","Gabriel_Trifu",193,319110
"751","Gabriel_Urpi",173,144450
"752","Gabriela_Chmelinová",175,344660
"753","Gabriela_Cé",164,92519
"754","Gabriela_Dabrowski",175,438702
"755","Gabriela_Paz",165.1,50848
"756","Gabriela_Sabatini",175,8785850
"757","Gail_Brodsky",165.1,132472
"758","Gala_León_García",163,1053309
"759","Galina_Fokina",165,198138
"760","Galina_Voskoboeva",183,2169264
"761","Galo_Blanco",173,1832691
"762","Garbiñe_Muguruza",182,6272973
"763","Giovanni_Lapentti",193,522367
"764","Gisela_Dulko",170,4246105
"765","Giulia_Casoni",169,326936
"766","Glenn_Layendecker",185,647475
"767","Glenn_Michibata",175.26,1081667
"768","Gloria_Pizzichini",153,448056
"769","Go_Soeda",178,1524838
"770","Gong_Maoxin",178,240198
"771","Goran_Ivanišević",193,19878007
"772","Goran_Prpić",180,1303639
"773","Grace_Min",163,364108
"774","Grant_Connell",185.42,2911097
"775","Grant_Stafford",188,1316633
"776","Graydon_Oliver",193.04,357113
"777","Greg_Holmes_(tennis)",177.8,368690
"778","Greg_Jones_(tennis)",191,311653
"779","Greg_Rusedski",182.88,8944841
"780","Grega_Žemlja",183,1123145
"781","Grigor_Dimitrov",191,5950663
"782","Grzegorz_Panfil",183,160834
"783","Grégory_Carraz",190,836734
"784","Gréta_Arn",180,1066371
"785","Guido_Andreozzi",183,233798
"786","Guido_Pella",185,941003
"787","Guilherme_Clezar",183,344446
"788","Guillaume_Raoux",180,2449106
"789","Guillaume_Rufin",188,716669
"790","Guillermo_Cañas",185,5285575
"791","Guillermo_Coria",175,5817486
"792","Guillermo_García-López",188,6192918
"793","Guillermo_Hormazábal",176,104844
"794","Guillermo_Olaso",175,200047
"795","Guillermo_Pérez_Roldán",178,1686459
"796","Guillermo_Vilas",180,4923882
"797","Gustavo_Kuerten",190,14807000
"798","Guy_Forget",190,5669934
"799","Gvidas_Sabeckis",181,25216
"800","Gábor_Köves",188,214507
"801","Gérard_Solvès",185,403190
"802","Hermes_Gamonal",180,180996
"803","Hernán_Gumy",188,1226776
"804","Hicham_Arazi",175,3602644
"805","Hiroki_Kondo",177,160372
"806","Horacio_Zeballos",188,2306667
"807","Horacio_de_la_Peña",180,1234768
"808","Horia_Tecău",193,3160434
"809","Horst_Skoff",175,1651858
"810","Hsieh_Su-wei",169.5,4016110
"811","Hugo_Armando",182.88,588523
"812","Hunter_Reese",180,9395
"813","Huub_van_Boeckel",191,121719
"814","Hanne_Skak_Jensen",161,32679
"815","Hans-Dieter_Beutel",185,113016
"816","Hans_Gildemeister",183,740858
"817","Hans_Podlipnik",183,258369
"818","Hans_Schwaier",173,295886
"819","Hans_Simonsson",178,325035
"820","Harel_Levy",185,1579692
"821","Harold_Solomon",168,1802769
"822","Harri_Heliövaara",188,113046
"823","Heather_Watson",170,1766791
"824","Heidi_El_Tabakh",180,268201
"825","Heinz_Günthardt",180,1550007
"826","Helena_Suková",188,6391245
"827","Hendrik_Dreekmann",188,1369435
"828","Hendrik_Jan_Davids",183,923459
"829","Henri_Kontinen",189,523298
"830","Henri_Laaksonen",185,192837
"831","Henri_Leconte",184,3440660
"832","Henrieta_Nagyová",177,1742156
"833","Henrik_Holm",183,1693931
"834","Henrik_Sundström",188,819393
"835","Han_Na-lae",165,57277
"836","Han_Xinyun",172,471743
"837","Hana_Mandlíková",173,3340959
"838","Hana_Šromová",168,466750
"839","Hank_Pfister",193.04,873335
"840","Ignacio_González_King",175,120966
"841","Ignacio_Hirigoyen",183,108737
"842","Igor_Andreev",185,3630505
"843","Igor_Kunitsyn",180,2496799
"844","Igor_Sijsling",190,1944529
"845","Ilie_Năstase",182,2076761
"846","Ilija_Bozoljac",193,715969
"847","Illya_Marchenko",185,1262069
"848","Ilya_Belyaev",180,73005
"849","Im_Kyu-tae",185,170734
"850","Ingrid_Neel",152.4,24332
"851","Inés_Gorrochategui",169,976039
"852","Ioana_Gaspar-Ivan",165,29816
"853","Ionuț_Moldovan",188,222260
"854","Irakli_Labadze",188,1234668
"855","Irena_Pavlovic",178,401329
"856","Irina-Camelia_Begu",181,2357779
"857","Irina_Falconi",163,1176289
"858","Irina_Khromacheva",167,130941
"859","Irina_Ramialison",158,97632
"860","Irina_Selyutina",178,420868
"861","Irina_Spîrlea",175,2652068
"862","Ģirts_Dzelde",173,240274
"863","Iroda_Tulyaganova",170,972624
"864","Iryna_Brémond",174,277228
"865","Isabella_Holland",172,139231
"866","Isabelle_Demongeot",169,804884
"867","Issam_Haitham_Taweel",158,32019
"868","Iva_Majoli",175,4405867
"869","Ivan_Dodig",183,4737315
"870","Ivan_Lendl",187,21262417
"871","Ivan_Ljubičić",193,10181121
"872","Ivana_Abramović",175,193921
"873","Ivana_Lisjak",180,285185
"874","Ivaylo_Traykov",187,105330
"875","Iveta_Benešová",170,3329488
"876","Ivo_Heuberger",188,950068
"877","Ivo_Karlović",211,6878711
"878","Ivo_Klec",183,413029
"879","Ivo_Minář",182,1015448
"880","Ivo_Werner",180,33382
"881","Iván_Endara",175,84889
"882","Iván_Navarro",183,1208116
"883","Izak_van_der_Merwe",196,430017
"884","Jerzy_Janowicz",204,3390790
"885","Jesse_Huta_Galung",188,883773
"886","Jesse_Levine",175,1131456
"887","Jesse_Witten",178,396681
"888","Jessica_Kirkland",175,187373
"889","Jessica_Moore_(tennis)",167,338776
"890","Jessy_Rompies",160,43859
"891","Jeļena_Ostapenko",177,281935
"892","Ji_Chunmei",172,121672
"893","Jill_Craybas",160,2534110
"894","Jill_Hetherington",178,798040
"895","Jim_Courier",185.42,14034132
"896","Jim_Grabb",193.04,3274155
"897","Jim_Pugh",193,1780466
"898","Jim_Thomas_(tennis)",193,801553
"899","Jimmy_Arias",175.26,1834140
"900","Jimmy_Brown_(tennis)",180,560131
"901","Jimmy_Connors",177,8641040
"902","Jimmy_Wang_(tennis)",178,1057983
"903","Jiří_Novák",190,7614063
"904","Jiří_Veselý",198,1498978
"905","Jo-Wilfried_Tsonga",188,16842378
"906","Jo_Durie",183,1224016
"907","Joachim_Johansson",198,1549039
"908","Joakim_Nyström",187,2074947
"909","Joan_Balcells",190,815801
"910","Joana_Cortez",170,140667
"911","Joana_Eidukonytė",172,3997
"912","Joannette_Kruger",179,1083908
"913","Jocelyn_Rae",182.88,144856
"914","Joe_Salisbury",193,23047
"915","Joern_Renzenbrink",196,504929
"916","Johan_Anderson",182.88,247738
"917","Johan_Brunström",193,772971
"918","Johan_Carlsson_(tennis)",183,335509
"919","Johan_Donar",180,95363
"920","Johan_Kriek",175,2383794
"921","Johan_Landsberg",183,444539
"922","Johan_Tatlot",180,29359
"923","Johan_Van_Herck",185,717393
"924","Johanna_Hyöty",165,4727
"925","Johanna_Konta",180,1424333
"926","Johanna_Larsson_(tennis)",174,1854810
"927","John-Laffnie_de_Jager",193,1357700
"928","John-Patrick_Smith",188,510604
"929","John_Alexander_(Australian_politician)__Tennis_Career__1",190,1214079
"930","James_Ward_(tennis)",182.88,1056198
"931","Jamie_Baker_(tennis)",182.88,401380
"932","Jamie_Delgado",152.4,812633
"933","Jamie_Hampton",152.4,1017477
"934","Jamie_Loeb",168,30990
"935","Jamie_Murray",190,2040492
"936","Jan-Lennard_Struff",196,1133677
"937","Jan-Michael_Gambill",190,3612179
"938","Jan_Apell",183,1404957
"939","Jan_Frode_Andersen",191,312946
"940","Jan_Gunnarsson",185,1285040
"941","Jan_Hernych",190,2153755
"942","Jan_Hájek_(tennis)",180,1419172
"943","Jan_Kodeš",175,693197
"944","Jan_Mertl",190,464830
"945","Jan_Minář",189,265469
"946","Jan_Siemerink",182,4347693
"947","Jan_Šátral",188,51217
"948","Jana_Juricová",183,30331
"949","Jana_Kandarr",181,674203
"950","Jana_Nejedly",175,630096
"951","Jana_Novotná",175,11230762
"952","Jana_Čepelová",168,952003
"953","Janet_Lee",175,943370
"954","Janette_Husárová",169,2402865
"955","Janko_Tipsarević",180,7529804
"956","Jared_Donaldson",188,272045
"957","Jared_Palmer",190.5,3471164
"958","Jarkko_Nieminen",185,7.743
"959","Jarmere_Jenkins",180.34,125755
"960","Jaroslav_Levinský",196,778283
"961","Jaroslav_Pospíšil",176,457077
"962","Jasmin_Wöhr",176,433548
"963","Jason_Jung",178,107443
"964","Jason_Kubler",179,105844
"965","Jason_Stoltenberg",185,3305212
"966","Jaume_Munar",196,37860
"967","Javier_Sánchez",177,4427811
"968","Jay_Berger",180,992136
"969","Jay_Lapidus",187.96,246102
"970","Jean-Christophe_Faurel",175,289530
"971","Jean-Claude_Scherrer",187,232453
"972","Jean-François_Bachelot",182,395248
"973","Jean-Julien_Rojer",185,2931406
"974","Jean-Michel_Pequery",183,151777
"975","Jean-Philippe_Fleurian",185,1352977
"976","Jean-René_Lisnard",173,1142109
"977","Jeevan_Nedunchezhiyan",173,60286
"978","Jeff_Coetzee",172,970175
"979","Jeff_Morrison",185.42,770476
"980","Jeff_Tarango",180.34,3730289
"981","Jelena_Dokic",175,4481044
"982","Jelena_Janković",177,18227601
"983","Jelena_Kostanić_Tošić",168,1577765
"984","Jelena_Pandžić",170,134550
"985","Jennifer_Capriati",152.4,10206639
"986","Jennifer_Hopkins",170.18,644372
"987","Jens_Knippschild",190,1017972
"988","Jeon_Mi-ra",174,234168
"989","Jeremy_Bates_(tennis)",180,1339965
"990","John_Fitzgerald_(tennis)",182.88,3207272
"991","John_Frawley_(tennis)",173,289416
"992","John_Isner",182.88,9229493
"993","John_Lloyd_(tennis)",180.34,598092
"994","John_McEnroe",180.34,12547797
"995","John_Millman",183,633455
"996","John_Newcombe",183,1062408
"997","John_Paul_Fruttero",185,183420
"998","John_Peers",188,1139334
"999","John_Roddick",182.88,5229
"1000","John_Sadri",187.96,895455
"1001","John_Sullivan_(tennis)",187.96,59854
"1002","John_van_Lottum",185,1188163
"1003","Jonas_Björkman",184,14600323
"1004","Jonas_Svensson_(tennis)",188,2439702
"1005","Jonathan_Dasnières_de_Veigy",174,133437
"1006","Jonathan_Erlich",180,2283122
"1007","Jonathan_Eysseric",181,259210
"1008","Jonathan_Marray",188,1106396
"1009","Jonathan_Smith_(tennis)",188,7784
"1010","Jonathan_Stark_(tennis)",188,3220867
"1011","Joost_Winnink",180,242379
"1012","Jordan_Kerr",180,1071061
"1013","Jordan_Thompson_(tennis)",183,204995
"1014","Jordi_Arrese",175,1847136
"1015","Jordi_Burillo",187,1198126
"1016","Jorge_Aguilar",178,287798
"1017","Jorge_Bardou",180,66260
"1018","Jorge_Lozano",180,739424
"1019","Jorgelina_Cravero",163,287311
"1020","Jose_Rubin_Statham",183,179591
"1021","Josef_Čihák",185,241359
"1022","Joseph_Sirianni",175,447569
"1023","Joshua_Eagle",183,1421375
"1024","Joshua_Ward-Hibbert",193,18944
"1025","Josselin_Ouanna",193,723143
"1026","José_Acasuso",190,3642422
"1027","José_Francisco_Altur",190,471853
"1028","José_Hernández_(tennis)",183,71985
"1029","José_Higueras",178,1406355
"1030","José_Luis_Clerc",185,1987036
"1031","José_López-Maeso",172,227600
"1032","Jovana_Jakšić",180,286762
"1033","Jozef_Kovalík",183,106540
"1034","João_Cunha_e_Silva",172,735607
"1035","João_Domingues",178,38267
"1036","João_Sousa",185,2520231
"1037","João_Souza",193,1126373
"1038","Juan_Aguilera",182,825000
"1039","Juan_Albert_Viloca",185,845477
"1040","Juan_Antonio_Marín",175,1210117
"1041","Juan_Avendaño",177,216639
"1042","Juan_Carlos_Báguena",183,168464
"1043","Juan_Carlos_Ferrero",183,13992895
"1044","Juan_Ignacio_Chela",190,5601394
"1045","Juan_Manuel_Elizondo",180,61837
"1046","Juan_Martín_del_Potro",198,15345947
"1047","Juan_Mónaco",185,7524038
"1048","Juan_Pablo_Brzezicki",177,612368
"1049","Juan_Pablo_Guzmán",177,407603
"1050","Juan_Sebastián_Cabal",185,1248934
"1051","Juan_Sebastián_Gómez",178,40111
"1052","Judith_Wiesner",172,1730734
"1053","Juho_Paukku",187,81252
"1054","Julia_Boserup",180,160771
"1055","Julia_Cohen",170,360308
"1056","Julia_Efremova",183,45025
"1057","Julia_Glushko",171,704264
"1058","Julia_Grabher",170,15614
"1059","Julia_Görges",180,4288235
"1060","Julia_Moriarty",164,37509
"1061","Julia_Schruff",166,849364
"1062","Julia_Vakulenko",183,869480
"1063","Julian_Knowle",188,2890933
"1064","Julian_Reister",188,836699
"1065","Julie_Coin",172,814412
"1066","Julie_Ditty",168,493168
"1067","Julie_Halard-Decugis",173,3081132
"1068","Julie_Pullin",173,421976
"1069","Julien_Benneteau",185,7674742
"1070","Julien_Boutter",190,1430283
"1071","Julien_Jeanpierre",188,225543
"1072","Julio_Peralta",188,135169
"1073","Julius_Tverijonas",187,1342
"1074","Julián_Alonso",185,852531
"1075","Jun_Woong-sun",190,172182
"1076","Junri_Namigata",170,456689
"1077","Justin_Bower",190,166067
"1078","Justin_Gimelstob",195.58,2575522
"1079","Justine_Henin",167,20863335
"1080","Justyna_Jegiołka",185,110513
"1081","Ján_Krošlák",188,1169329
"1082","Jérémy_Chardy",188,5778306
"1083","Jérôme_Golmard",188,2215784
"1084","Jérôme_Haehnel",185,472122
"1085","Jérôme_Potier",180,315454
"1086","Jörgen_Windahl",183,152785
"1087","Júlio_Góes",180,151995
"1088","Júlio_Silva",172,397704
"1089","Jürgen_Melzer",183,9734948
"1090","Jürgen_Zopp",190,694715
"1091","Jacco_Eltingh",187,4929815
"1092","Jack_Sock",191,3150282
"1093","Jackie_Trail",160.02,109276
"1094","Jacobo_Díaz",172,689680
"1095","Jacqueline_Cako",152.4,67130
"1096","Jade_Hopper",164,31562
"1097","Jaime_Fillol",180,187169
"1098","Jaime_Oncins",195,1215951
"1099","Jaime_Yzaga",170,2235560
"1100","Jairo_Velasco,_Jr.",182.88,137633
"1101","Jakob_Hlasek",187,5895293
"1102","Jamea_Jackson",163,455220
"1103","James_Blake_(tennis)",185.42,7981786
"1104","James_Cerretani",185,574887
"1105","James_Cluskey",198,48141
"1106","James_Duckworth_(tennis)",183,877423
"1107","Kaia_Kanepi",181,4429372
"1108","Kaitlyn_Christian",178,13928
"1109","Kamil_Majchrzak",183,38359
"1110","Kamil_Čapkovič",196,227790
"1111","Karel_Nováček",190,3729540
"1112","Karen_Castiblanco",160,67581
"1113","Karen_Khachanov",198,157035
"1114","Karim_Alami",185,2087596
"1115","Karin_Knapp",180,1955447
"1116","Karin_Kschwendt",175,674599
"1117","Karina_Habšudová",170,1878228
"1118","Karol_Kučera",187,5061125
"1119","Karolina_Jovanović",183,33614
"1120","Karolina_Wlodarczak",178,59035
"1121","Karolina_Šprem",174,1298606
"1122","Karolína_Plíšková",186,3116561
"1123","Karsten_Braasch",180,1497244
"1124","Katalin_Marosi",178,609232
"1125","Katariina_Tuohimaa",180,8798
"1126","Katarina_Srebotnik",180,7346995
"1127","Katarzyna_Piter",173,463100
"1128","Katerina_Maleeva",168,2187183
"1129","Kateryna_Bondarenko",175,2540011
"1130","Kateřina_Böhmová_(1986)",178,147620
"1131","Kateřina_Kramperová",161,95134
"1132","Kateřina_Siniaková",174,597416
"1133","Katherine_Westbury",177,16298
"1134","Kathinka_von_Deichmann",177,40654
"1135","Kathrin_Wörle-Scheller",175,529400
"1136","Kathy_Jordan",173,1592111
"1137","Kathy_Rinaldi",168,1353737
"1138","Katie_O'Brien",167,525141
"1139","Kei_Nishikori",178,11596327
"1140","Kelly_Evernden",175,914750
"1141","Kelly_Jones_(tennis)",185,1168278
"1142","Ken_Flach",185.42,2067151
"1143","Ken_Rosewall",170,1602700
"1144","Ken_Skupski",185,472084
"1145","Kenneth_Carlsen",191,2990980
"1146","Kenny_Thorne",188,1587294
"1147","Kenny_de_Schepper",203,1242851
"1148","Kent_Carlsson",180,998956
"1149","Kent_Kinnear",195.58,771749
"1150","Keren_Shlomo",169,82105
"1151","Keri_Wong",152.4,18754
"1152","Kevin_Anderson_(tennis)",203,6776741
"1153","Kevin_Curren",185,3055510
"1154","Kevin_Kim",177.8,1545790
"1155","Kevin_King_(tennis)",190,72735
"1156","Kevin_Krawietz",190,103525
"1157","Kevin_Moir",188,44047
"1158","Kevin_Ullyett",178,4138771
"1159","Kiki_Bertens",182,1272406
"1160","Kim_Clijsters",174,24442340
"1161","Kim_Grajdek",175,62182
"1162","Kim_Grant_(tennis)",169,160324
"1163","Kim_So-jung_(tennis)",172,119299
"1164","Kim_Warwick",183,994045
"1165","Kimberly_Birrell",170,69035
"1166","Kimberly_Couts",152.4,77322
"1167","Kimberly_Po",152.4,1926618
"1168","Kimiko_Date-Krumm",163,3909785
"1169","Kimmer_Coppejans",188,202904
"1170","Kinnie_Laisné",170,72489
"1171","Kira_Nagy",176,388234
"1172","Kirsten_Flipkens",165,2978968
"1173","Kittipong_Wachiramanowong",183,68755
"1174","Klaudia_Jans-Ignacik",173,828261
"1175","Klára_Koukalová",166,4045259
"1176","Komlavi_Loglo",183,73294
"1177","Konstantin_Kravchuk",190,609955
"1178","Konstantinos_Economidis",188,403020
"1179","Konstantinos_Efraimoglou",187.96,3257
"1180","Korina_Perkovic",170,51808
"1181","Kornél_Bardóczky",188,103596
"1182","Kristian_Pless",187,1127884
"1183","Kristie_Boogert",178,1364008
"1184","Kristina_Antoniychuk",170,61656
"1185","Kristina_Barrois",183,1082117
"1186","Kristina_Mladenovic",184,3444425
"1187","Kristof_Vliegen",193,1922537
"1188","Kristína_Kučová",163,400463
"1189","Kristýna_Plíšková",184,894462
"1190","Ksenia_Lykina",165,137130
"1191","Ksenia_Milevskaya",172,72479
"1192","Ksenia_Pervak",170,1016779
"1193","Ksenia_Ulukan",174,175732
"1194","Kumiko_Iijima",162,191314
"1195","Kurumi_Nara",155,1364694
"1196","Květa_Peschke",165,4000738
"1197","Kyle_Edmund",188,473930
"1198","Kyle_Spencer",191,60291
"1199","Kyōko_Nagatsuka",166,421691
"1200","K._J._Hippensteel",190.5,134558
"1201","Àlex_Corretja",180,10411354
"1202","Álex_Calatrava",190,1335933
"1203","Álex_López_Morón",175,832157
"1204","Álvaro_Jordan",185.42,43306
"1205","Luis-Manuel_Flores",188,36677
"1206","Luis_Díaz-Barriga",185,43913
"1207","Luis_Herrera_(tennis)",170,542438
"1208","Luis_Horna",180,2454558
"1209","Luis_Lobo",180,913682
"1210","Luis_Morejón",178,247814
"1211","Luisa_Stefani",170,3118
"1212","Luiz_Mattar",183,1493136
"1213","Luka_Belić_(tennis)",183,29579
"1214","Luka_Gregorc",190,176066
"1215","Lukas_Mugevičius",184,13474
"1216","Luke_Bambridge",190.5,45798
"1217","Luke_Saville",187,326865
"1218","Luksika_Kumkhum",167,420547
"1219","Lukáš_Dlouhý",185,3120507
"1220","Lukáš_Lacko",185,2226425
"1221","Lukáš_Rosol",196,3549675
"1222","László_Markovits",180,67898
"1223","Līga_Dekmeijere",171,488572
"1224","Lamine_Ouahab",183,381042
"1225","Lara_Arruabarrena",166,1193548
"1226","Lara_Michel",173,42027
"1227","Larisa_Neiland",169,4083936
"1228","Larry_Scott_(sports_administrator)",187.96,69740
"1229","Lars-Anders_Wahlgren",193,464310
"1230","Lars_Burgsmüller",183,1887164
"1231","Lars_Jönsson_(tennis)",188,891598
"1232","Lars_Koslowski",188,265437
"1233","Lars_Rehmann",196,271500
"1234","Laura_Granville",175,1327584
"1235","Laura_Montalvo",173,389178
"1236","Laura_Pigossi",164,74060
"1237","Laura_Pous_Tió",173,764588
"1238","Laura_Robson",152.4,1174990
"1239","Laura_Siegemund",168,538318
"1240","Lauren_Davis",157.48,1377721
"1241","Lauren_Herring",170,18456
"1242","Laurence_Tieleman",180,773130
"1243","Laurent_Bram",193,6435
"1244","Laurent_Prades",182.88,77467
"1245","Laurent_Recouderc",178,419108
"1246","Laurynas_Grigelis",183,189984
"1247","Lawson_Duncan",185.42,514450
"1248","Leander_Paes",178,8124447
"1249","Leanne_Baker",173,136920
"1250","Lee_Hsin-han",181,141640
"1251","Lee_Hyung-taik",180,2257901
"1252","Lee_Jin-a",170,91916
"1253","Leif_Shiras",182.88,467156
"1254","Lenka_Cenková",175,140669
"1255","Lenka_Dlhopolcová",169,50582
"1256","Lenka_Juríková",174,110417
"1257","Lenka_Němečková",170,533966
"1258","Lenka_Wienerová",164,181632
"1259","Leo_Palin",178,140695
"1260","Leonardo_Azzaro",188,320082
"1261","Leonardo_Kirche",188,69794
"1262","Leonardo_Lavalle",188,903200
"1263","Leonardo_Mayer",190,3780892
"1264","Leonardo_Tavares",185,183160
"1265","Leoš_Friedl",183,1221403
"1266","Lesia_Tsurenko",174,1476113
"1267","Lesley_Kerkhove",170,126882
"1268","Lester_Cook",180.34,149859
"1269","Leticia_Costas",165,109129
"1270","Li_Fang_(tennis)",166,537067
"1271","Li_Na",172,16709074
"1272","Li_Ting_(tennis)",180,383259
"1273","Liam_Broady",182.88,196377
"1274","Libor_Němeček",168,180351
"1275","Libor_Pimek",196,1509018
"1276","Libuše_Průšová",176,333879
"1277","Lidziya_Marozava",183,54335
"1278","Liezel_Huber",180.34,6287881
"1279","Lina_Krasnoroutskaya",174,947916
"1280","Lina_Stančiūtė",169,150738
"1281","Lindsay_Davenport",189,22166338
"1282","Lindsay_Lee-Waters",173,855778
"1283","Lionel_Barthez",180,196324
"1284","Lionel_Roux",185,1255648
"1285","Lisa_McShea",174,514070
"1286","Lisa_Raymond",152.4,10026193
"1287","Liu_Nannan",176,91463
"1288","Liu_Wanting",168,90027
"1289","Liza_Andriyani",170,41674
"1290","Lleyton_Hewitt",180,20070586
"1291","Lori_McNeil",170,3441604
"1292","Louisa_Chirico",175.26,247669
"1293","Louk_Sorensen",175,195248
"1294","Lourdes_Domínguez_Lino",163,2333426
"1295","Lovro_Zovko",190,513374
"1296","Loïc_Courteau",175,113008
"1297","Lu_Jingjing",170,169955
"1298","Lu_Yen-hsun",180,3988958
"1299","Luca_Bottazzi",174,52945
"1300","Luca_Vanni",198,397622
"1301","Lucas_Arnold_Ker",180,1635992
"1302","Lucas_Gómez",178,20987
"1303","Lucas_Pouille",185,794616
"1304","Lucie_Ahl",159,260389
"1305","Lucie_Hradecká",177,4098421
"1306","Lucie_Šafářová",177,8603907
"1307","Émilie_Loit",167,2086943
"1308","Maddison_Inglis",171,50887
"1309","Madison_Brengle",162.56,1248784
"1310","Madison_Keys",178,3080062
"1311","Magali_de_Lattre",165,69694
"1312","Magda_Linette",171,524314
"1313","Magdalena_Fręch",171,19729
"1314","Magdalena_Grzybowska",184,542889
"1315","Magdalena_Maleeva",168,4398582
"1316","Magdaléna_Rybáriková",180,2728810
"1317","Magnus_Gustafsson",185,4545489
"1318","Magnus_Larsson",193,5839451
"1319","Magnus_Norman",188,4537247
"1320","Magnus_Tideman",193,134531
"1321","Magüi_Serna",167,2065291
"1322","Mahesh_Bhupathi",185,6648471
"1323","Mailen_Auroux",170,102017
"1324","Mait_Künnap",190,33601
"1325","Maja_Matevžič",175,593426
"1326","Maja_Palaveršić",175,197170
"1327","Malek_Jaziri",183,1255627
"1328","MaliVai_Washington",180.34,3239865
"1329","Malika_Auger-Aliassime",178,1080
"1330","Mallory_Burdette",178,316417
"1331","Mandy_Minella",180,1068741
"1332","Manon_Arcangioli",162,100831
"1333","Manon_Bollegraf",173,2107856
"1334","Mansour_Bahrami",178,368780
"1335","Manuel_Orantes",178,1398303
"1336","Manuela_Maleeva",173,3244557
"1337","Mara_Santangelo",183,1691549
"1338","Marat_Deviatiarov",191,23022
"1339","Marat_Safin",193,14373291
"1340","Marc-Kevin_Goellner",195,2700665
"1341","Marc_Gicquel",181,2207188
"1342","Marc_López",175,2868172
"1343","Marc_Rosset",201,6812693
"1344","Marcel_Felder",174,217109
"1345","Marcel_Granollers",190,7377315
"1346","Marcela_Zacarías",160,83958
"1347","Marcelo_Arévalo",193,80529
"1348","Marcelo_Charpentier",180,328886
"1349","Marcelo_Demoliner",193,301621
"1350","Marcelo_Filippini",177,2034890
"1351","Marcelo_Hennemann",170,62670
"1352","Marcelo_Ingaramo",178,276559
"1353","Marcelo_Melo",203,3223043
"1354","Marcelo_Ríos",175,9713771
"1355","Marcin_Matkowski",188,3432559
"1356","Marco_Chiudinelli",188,1745584
"1357","Marco_Crugnola",188,210793
"1358","Marcos_Baghdatis",183,6678970
"1359","Marcos_Daniel",180,1114707
"1360","Marcos_Giron",152.4,85026
"1361","Marcos_Górriz",185,662335
"1362","Marcos_Hocevar",185,330047
"1363","Marcos_Ondruska",183,1835129
"1364","Marcus_Daniell",190,162596
"1365","Mardy_Fish",188,7392041
"1366","Maret_Ani",175,734010
"1367","Margalita_Chakhnashvili",172,313300
"1368","Matthew_Barton_(tennis)",191,113816
"1369","Matthias_Bachinger",182,1110380
"1370","Maureen_Drake",175,793293
"1371","Mauricio_Echazú",174,65244
"1372","Max_Mirnyi",196,11116245
"1373","Maxime_Teixeira",185,302395
"1374","Maya_Rosa",162,5709
"1375","Mayo_Hibi",165,135421
"1376","Megan_Moulton-Levy",152.4,213689
"1377","Meghann_Shaughnessy",180.34,3975223
"1378","Meike_Babel",173,546425
"1379","Meilen_Tu",162.56,1590412
"1380","Mel_Purcell",177,797197
"1381","Melanie_Klaffner",171,188913
"1382","Melanie_Oudin",152.4,1454742
"1383","Melanie_South",175,464880
"1384","Melinda_Czink",178,1484658
"1385","Melis_Sezer",168,75950
"1386","Melle_van_Gemerden",183,213482
"1387","Menno_Oosting",180,1041725
"1388","Mercedes_Paz",180,1154319
"1389","Mervana_Jugić-Salkić",179,535920
"1390","Michael_Berrer",193,2643190
"1391","Michael_Chang",175.26,19145632
"1392","Michael_Hill_(tennis)",187,601306
"1393","Michael_Joyce_(tennis)",180.34,756999
"1394","Michael_Kohlmann",187,1436104
"1395","Michael_Lammer",185,533475
"1396","Michael_Linzer",183,64787
"1397","Michael_McClune",190,143401
"1398","Michael_Mmoh",185,22714
"1399","Michael_Quintero",176,187860
"1400","Michael_Russell_(tennis)",172.72,2352870
"1401","Michael_Ryderstedt",188,313148
"1402","Michael_Sell",180.34,294371
"1403","Michael_Stich",193,12592483
"1404","Michael_Tebbutt",190,1114448
"1405","Michael_Venus_(tennis)",182.88,388573
"1406","Michael_Westphal",190,1646328
"1407","Michael_Yani",185,403300
"1408","Michaela_Hončová",168,89797
"1409","Michaela_Paštiková",176,543500
"1410","Michal_Mertiňák",180,1508095
"1411","Michal_Tabara",175,842256
"1412","Michaël_Llodra",190,8533350
"1413","Michaëlla_Krajicek",177,1923228
"1414","Michał_Przysiężny",185,1256778
"1415","Michel_Kratochvil",185,1159379
"1416","Michele_Fioroni",180.34,41971
"1417","Michelle_Jaggard-Lai",163,406279
"1418","Michelle_Larcher_de_Brito",165,829616
"1419","Michelle_Sammons",173,14115
"1420","Michiel_Schapers",201,1124730
"1421","Miguel_Tobón",185,125127
"1422","Miguel_Ángel_López_Jaén",187,186036
"1423","Miguel_Ángel_Reyes-Varela",175,120787
"1424","Mihaela_Buzărnescu",174,145494
"1425","Miharu_Imanishi",162,55940
"1426","Mihnea-Ion_Năstase",182.88,54828
"1427","Miho_Saeki",168,600516
"1428","Mikael_Pernfors",173,1363793
"1429","Mikael_Tillström",185,2029070
"1430","Mikael_Ymer",183,179708
"1431","Mike_Bauer",188,611891
"1432","Mike_Bryan",190.5,13164686
"1433","Maria_Elena_Camerin",164,1721451
"1434","Maria_Fernanda_Alves",174,395209
"1435","Maria_João_Koehler",174,317031
"1436","Maria_Kirilenko",174,6855919
"1437","Maria_Patrascu",168,8107
"1438","Maria_Sanchez",177.8,363652
"1439","Maria_Sharapova",188,36484486
"1440","Mariaan_de_Swardt",177,1140865
"1441","Mariana_Duque",169,1079944
"1442","Mariana_Díaz_Oliva",172,1009293
"1443","Marianne_Werdel",177.8,1044641
"1444","Mariano_Delfino",182.88,166157
"1445","Mariano_Puerta",180,1695028
"1446","Mariano_Zabaleta",182,3204127
"1447","Marie-Gaïané_Mikaelian",172,543735
"1448","Marie-Ève_Pelletier",173,592193
"1449","Marie_Bouzková",178,13289
"1450","Marin_Draganja",185,498929
"1451","Marin_Čilić",198,13586144
"1452","Marina_Erakovic",174,2234959
"1453","Marina_Melnikova",173,194406
"1454","Marinko_Matosevic",193,1865777
"1455","Mario_Ančić",195,4024686
"1456","Mario_Martinez_(tennis)",170,2102
"1457","Mario_Visconti",185,151136
"1458","Marion_Bartoli",170,11055114
"1459","Marion_Maruska",172,342007
"1460","Marissa_Irvin",170.18,779749
"1461","Marius_Copil",193,623050
"1462","Mariusz_Fyrstenberg",193,2949906
"1463","Mariya_Koryttseva",172,900588
"1464","Marián_Vajda",172,756646
"1465","Mark_Dickson_(tennis)",190.5,686138
"1466","Mark_Hilton_(tennis)",170.18,173449
"1467","Mark_Keil",183,749587
"1468","Mark_Knowles",190,7049710
"1469","Mark_Koevermans",185,842859
"1470","Mark_Merklein",182.88,502870
"1471","Mark_Nielsen_(tennis)",185,166271
"1472","Mark_Petchey",182.88,657776
"1473","Mark_Philippoussis",196,6985202
"1474","Marko_Djokovic",187,71525
"1475","Marko_Tkalec",178,119059
"1476","Markos_Kalovelonis",194,26223
"1477","Markus_Eriksson",188,73256
"1478","Markus_Hantschk",187,514852
"1479","Markus_Hipfl",178,787415
"1480","Markus_Naewie",190,307182
"1481","Markus_Zoecke",195,795369
"1482","Marlene_Weingärtner",174,1127324
"1483","Marsel_İlhan",191,1210039
"1484","Marta_Domachowska",176,1063113
"1485","Marta_Marrero",173,888544
"1486","Marta_Sirotkina",170,199379
"1487","Martin_Blackman",187.96,141468
"1488","Martin_Damm",189,5730972
"1489","Martin_Davis_(tennis)",182.88,821513
"1490","Martin_Emmrich",183,386542
"1491","Martin_Fischer_(tennis)",180,640766
"1492","Martin_Kližan",188,3256658
"1493","Martin_Laurendeau",191,349692
"1494","Martin_Redlicki",198,8706
"1495","Martin_Verkerk",195,1491379
"1496","Martina_Hingis",170,22593544
"1497","Martina_Müller_(tennis)",165,1040531
"1498","Martina_Navratilova",173,21626089
"1499","Martina_Suchá",170,967092
"1500","Martín_Alund",183,456298
"1501","Martín_Jaite",177,1873881
"1502","Martín_Rodríguez_(tennis)",178,1221361
"1503","Martín_Vassallo_Argüello",185,1420101
"1504","Marvin_Rolle",180.34,5609
"1505","Mary-Lou_Daniels",167.64,711131
"1506","Mary_Joe_Fernández",175,5258471
"1507","Mary_Pierce",178,9793119
"1508","Maryna_Zanevska",175,3
"1509","Marzio_Martelli",180,320131
"1510","María_Emilia_Salerni",174,656296
"1511","María_Fernanda_Herazo",166,13560
"1512","María_Fernanda_Álvarez_Terán",174,131261
"1513","María_Irigoyen",171,390774
"1514","María_José_Gaidano",171,299016
"1515","María_José_Martínez_Sánchez",176,3386560
"1516","María_Paulina_Pérez",170,15259
"1517","María_Sánchez_Lorenzo",171,1268365
"1518","María_Teresa_Torró_Flor",178,1003325
"1519","María_Vento-Kabchi",168,1591803
"1520","Mashona_Washington",167.64,975863
"1521","Massimiliano_Narducci",185,105308
"1522","Massimo_Bertolini",187,487354
"1523","Massimo_Cierro",173,313726
"1524","Massimo_Valeri",185,164828
"1525","Mate_Delić",196,144860
"1526","Mate_Pavić",188,405222
"1527","Mathieu_Montcourt",183,327057
"1528","Mathilde_Johansson",173,1341270
"1529","Mats_Wilander",182,7976256
"1530","Matt_Anger",188,486506
"1531","Matt_Lucena",177.8,170523
"1532","Matt_Reid_(tennis)",180,315814
"1533","Matt_Seeberger",185,17297
"1534","Matteo_Donati",188,145651
"1535","Matteo_Trevisan",180,92314
"1536","Matteo_Viola",188,483282
"1537","Mikhail_Elgin",183,720520
"1538","Mikhail_Kukushkin",183,2741457
"1539","Mikhail_Ledovskikh",188,255374
"1540","Mikhail_Youzhny",183,12832212
"1541","Miki_Miyamura",167,116325
"1542","Milagros_Sequera",165,845115
"1543","Milan_Šrejber",203,898323
"1544","Milka-Emilia_Pasanen",173,713
"1545","Milos_Raonic",196,9392599
"1546","Milos_Sekulic",188,41442
"1547","Miloslav_Mečíř",190,2632538
"1548","Miloslav_Mečíř,_Jr.",196,227693
"1549","Mima_Jaušovec",160,933926
"1550","Mirjana_Lučić-Baroni",181,2631632
"1551","Mirka_Federer",174,260832
"1552","Mirza_Bašić",188,276866
"1553","Misa_Eguchi",173,224052
"1554","Misaki_Doi",159,1203399
"1555","Mischa_Zverev",190,2146328
"1556","Mitchell_Krueger",188,53018
"1557","Miyu_Kato_(tennis)",156,70404
"1558","Miķelis_Lībietis",188,14813
"1559","Mohamed_Safwat",183,148404
"1560","Mona_Barthel",185,2244132
"1561","Monica_Niculescu",168,3662124
"1562","Monica_Seles",178,14891762
"1563","Monique_Adamczak",170,477615
"1564","Montserrat_González",170,72088
"1565","Morris_Strode",193.04,96917
"1566","Murad_Inoyatov",180,83378
"1567","Murphy_Jensen",193.04,681817
"1568","Myriam_Casanova",172,469516
"1569","Márton_Fucsovics",188,225678
"1570","Máximo_González",175,1616143
"1571","Mårten_Renström",188,75307
"1572","Mónica_Puig",170,1336267
"1573","Mădălina_Gojnea",163,180649
"1574","Ángeles_Montolio",157,720661
"1575","Nadia_Petrova",178,12466924
"1576","Nadiia_Kichenok",172,397324
"1577","Nadin_Ercegović",177,138975
"1578","Nana_Smith",163,1234067
"1579","Nannie_de_Villiers",178,294308
"1580","Naoko_Kijimuta",164,498002
"1581","Naomi_Broady",189,500745
"1582","Naomi_Cavaday",170,191742
"1583","Naomi_Osaka",180,180180
"1584","Nastassja_Burnett",178,267182
"1585","Nastja_Kolar",176,75458
"1586","Natalie_Grandin",175,939025
"1587","Natalie_Pluskota",152.4,30227
"1588","Natasha_Zvereva",174,7792503
"1589","Nathalie_Dechy",178,4216795
"1590","Nathalie_Tauziat",165,6650093
"1591","Nathalie_Viérin",170,321276
"1592","Nduka_Odizor",182,675673
"1593","Neal_Skupski",183,123095
"1594","Nebojša_Djorđević",190,128135
"1595","Neil_Broad",190,1205610
"1596","Nenad_Zimonjić",190,7934606
"1597","Neuza_Silva",170,172509
"1598","Nicha_Lertpitaksinchai",174,76655
"1599","Nicholas_Monroe",178,543120
"1600","Nick_Kyrgios",193,2110250
"1601","Nick_Lindahl",183,189025
"1602","Nicklas_Kroon",183,448124
"1603","Nicklas_Kulti",190,3186946
"1604","Nicola_Geuer",167,54165
"1605","Nicola_Slater",172.72,42043
"1606","Nicolas_Coutelot",185,368507
"1607","Nicolas_Devilder",172,826281
"1608","Nicolas_Escudé",185,3216150
"1609","Nicolas_Kicker",180,87621
"1610","Nicolas_Kiefer",183,7480465
"1611","Nicolas_Mahut",190,5504030
"1612","Nicolas_Meister",178,66510
"1613","Nicolas_Reissig",185,63729
"1614","Nicolas_Thomann",182.88,437629
"1615","Nicole_Arendt",176.53,1642964
"1616","Nicole_Clerico",173,121158
"1617","Nicole_Gibbs",167.64,729596
"1618","Nicole_Kriz",164,86177
"1619","Nicole_Melichar",181,127558
"1620","Nicole_Pratt",163,2404645
"1621","Nicole_Riner",178,33703
"1622","Nicole_Vaidišová",183,2742675
"1623","Nicolás_Almagro",183,9609122
"1624","Nicolás_Barrientos",175,132522
"1625","Nicolás_Jarry",199,59612
"1626","Nicolás_Lapentti",188,6313898
"1627","Nicolás_Massú",183,4286614
"1628","Niels_Desein",188,323790
"1629","Nigina_Abduraimova",184,155154
"1630","Nika_Ožegović",170,172521
"1631","Nikola_Hofmanova",178,102732
"1632","Nikola_Milojević_(tennis)",182,49439
"1633","Nikola_Ćirić",201,194867
"1634","Nikola_Čačić",183,79473
"1635","Nikolay_Davydenko",178,16186480
"1636","Nikoloz_Basilashvili",185,442580
"1637","Nils_Langer",193,163423
"1638","Nina_Bratchikova",178,777273
"1639","Nina_Zander",170,65099
"1640","Nirupama_Sanjeev",170,182057
"1641","Noah_Rubin_(tennis)",178,87941
"1642","Noam_Okun",185,783527
"1643","Noppawan_Lertcheewakarn",167,276495
"1644","Novak_Djokovic",188,96642948
"1645","Nudnida_Luangnam",167,136162
"1646","Nungnadda_Wannasuk",165,62992
"1647","Nuno_Marques",190,857479
"1648","Nuria_Llagostera_Vives",156,2636375
"1649","Nadejda_Ostrovskaya",177,277754
"1650","Nadia_Abdalá",187.96,13232
"1651","Océane_Dodin",183,97813
"1652","Oksana_Kalashnikova",184,404274
"1653","Ola_Abou_Zekry",157,15037
"1654","Olga_Govortsova",182,2865468
"1655","Olga_Puchkova",180,833994
"1656","Olga_Savchuk",177,1202481
"1657","Oliver_Fernández",175,148944
"1658","Oliver_Golding",182.88,95168
"1659","Oliver_Gross",186,876416
"1660","Oliver_Marach",185,2190668
"1661","Olivia_Sanchez",172,376039
"1662","Olivia_Tjandramulia",167,22091
"1663","Olivier_Charroin",184,93881
"1664","Olivier_Delaître",170,2788904
"1665","Olivier_Mutis",175,604171
"1666","Olivier_Patience",180,874075
"1667","Olivier_Rochus",165,4809475
"1668","Omar_Camporese",188,1610475
"1669","Omar_Jasika",180,61001
"1670","Ons_Jabeur",167,253936
"1671","Orlin_Stanoytchev",185,484515
"1672","Ota_Fukárek",190,387322
"1673","Oxana_Lyubtsova",157,138831
"1674","İpek_Soylu",173,84316
"1675","İpek_Şenoğlu",180,261244
"1676","Patricia_Tarabini",165,1541551
"1677","Patricia_Wartusch",175,657243
"1678","Patricio_Arnold",182.88,112935
"1679","Patrick_Galbraith",183,2684136
"1680","Patrick_McEnroe",182.88,3118316
"1681","Patrik_Fredriksson",185,331508
"1682","Patrik_Kühnen",190,1646328
"1683","Patrik_Rosenholm",179,83295
"1684","Patty_Fendick",165.1,1559023
"1685","Patty_Schnyder",168,8419111
"1686","Paul-Henri_Mathieu",185,5625446
"1687","Paul_Annacone",185.42,1649327
"1688","Paul_Capdeville",190,1097506
"1689","Paul_Chamberlin",178,410831
"1690","Paul_Goldstein_(tennis)",177.8,1620456
"1691","Paul_Haarhuis",187,7751962
"1692","Paul_Hanley_(tennis)",182,2834776
"1693","Paul_McNamee",178,1233615
"1694","Paul_Rosner",193,232555
"1695","Paul_Wekesa",187,448114
"1696","Paula_Andrea_Pérez",168,6860
"1697","Paula_Cristina_Gonçalves",173,126197
"1698","Paula_Kania",168,455649
"1699","Paula_Ormaechea",170,705312
"1700","Paulina_Schippers",165.1,221
"1701","Pauline_Parmentier",175,1960959
"1702","Pavel_Složil",173,925242
"1703","Pavel_Vojtisek",188,149428
"1704","Pavel_Vízner",180,2337009
"1705","Pavel_Šnobel",190,377192
"1706","Pavol_Červenák",185,301730
"1707","Pedro_Sousa",180,173169
"1708","Pemra_Özgen",170,189830
"1709","Peng_Shuai",173,6991689
"1710","Pere_Riba",183,1247787
"1711","Petar_Jelenić",190,30105
"1712","Pete_Sampras",185.42,43280450
"1713","Peter_Ballauff",188,64538
"1714","Peter_Carlsson",182.88,70262
"1715","Peter_Clarke_(tennis)",188,74290
"1716","Peter_Fleming_(tennis)",182.88,1986799
"1717","Peter_Gojowczyk",185,688943
"1718","Peter_Kobelt",200.66,18468
"1719","Peter_Luczak",183,1348036
"1720","Peter_Lundgren",185,1130516
"1721","Peter_McNamara",185,1046935
"1722","Peter_Polansky",180,610025
"1723","Peter_Torebko",185,139585
"1724","Peter_Wessels",195,928863
"1725","Petr_Korda",190,10448900
"1726","Petr_Kralert",188,231463
"1727","Petr_Luxa",190,635062
"1728","Petr_Pála",193,1104149
"1729","Petra_Cetkovská",172,2027537
"1730","Petra_Kvitová",182,20501439
"1731","Petra_Mandula",178,991024
"1732","Petra_Martić",181,1532651
"1733","Petra_Rampre",170,335030
"1734","Petru-Alexandru_Luncanu",182,106672
"1735","Peđa_Krstin",183,91812
"1736","Pablo_Albano",178,933810
"1737","Pablo_Andújar",179,4260347
"1738","Pablo_Campana",180,87437
"1739","Pablo_Carreño",188,1490589
"1740","Pablo_Cuevas",180,4153722
"1741","Pablo_Santos_(tennis)",183,147776
"1742","Pam_Shriver",183,5460566
"1743","Pan_Bing",185,59368
"1744","Paola_Suárez",170,5217775
"1745","Paolo_Canè",180,903958
"1746","Paolo_Lorenzi",183,2155498
"1747","Paradorn_Srichaphan",185,3459655
"1748","Park_Sung-hee",167,439788
"1749","Pascal_Portes",175,227283
"1750","Pascale_Paradis",175,577710
"1751","Pat_Cash",183,1950345
"1752","Pat_Du_Pré",190,533743
"1753","Pat_Rafter",185,11133128
"1754","Patricia_Hy-Boulais",163,1011116
"1755","Patricia_Kú_Flores",170,29175
"1756","Patricia_Mayr-Achleitner",169,976233
"1757","Philip_Bester",188,212015
"1758","Philipp_Davydenko",183,40379
"1759","Philipp_Kohlschreiber",178,8590291
"1760","Philipp_Marx",188,463260
"1761","Philipp_Oswald",201,576750
"1762","Philipp_Petzschner",185,3716142
"1763","Philippe_Pech",180,101424
"1764","Pierre-Hugues_Herbert",188,1462638
"1765","Pierre-Ludovic_Duclos",185,206342
"1766","Piet_Norval",185,1832303
"1767","Pieter_Aldrich",180,790019
"1768","Piia_Suomalainen",172,58142
"1769","Polina_Pekhova",181,52262
"1770","Polona_Hercog",182,2078594
"1771","Poojashree_Venkatesha",180,34906
"1772","Potito_Starace",188,3784550
"1773","Prakash_Amritraj",187,460805
"1774","Quentin_Halys",191,149674
"1775","Ričardas_Berankis",175,1531617
"1776","Robby_Ginepri",182.88,3897123
"1777","Robert_Farah_(tennis)",190,1010982
"1778","Robert_Kendrick",182.88,1363811
"1779","Robert_Lindstedt",190,3093883
"1780","Robert_Seguso",190.5,1888353
"1781","Robert_Smeets",187,355595
"1782","Roberta_Vinci",163,10236387
"1783","Roberto_Argüello",173,241299
"1784","Roberto_Azar",185,441303
"1785","Roberto_Bautista_Agut",183,4004733
"1786","Roberto_Carballés_Baena",180,236326
"1787","Roberto_Carretero",178,680211
"1788","Roberto_Maytín",183,55320
"1789","Robin_Haase",190,3668432
"1790","Robin_Kern",190,66904
"1791","Robin_Söderling",193,10423124
"1792","Rodney_Harmon",187.96,102003
"1793","Rodolphe_Cadart",182.88,141251
"1794","Roger_Federer",185,97855881
"1795","Roger_Rasheed",182.88,64951
"1796","Roger_Smith_(tennis)",185,528200
"1797","Rogier_Wassen",190,1087985
"1798","Rogério_Dutra_Silva",178,741442
"1799","Rohan_Bopanna",190,2896162
"1800","Roko_Karanušić",183,788778
"1801","Rolf_Gehring",185,355057
"1802","Romain_Jouan",182,220804
"1803","Roman_Safiullin",183,3e+05
"1804","Roman_Valent",183,60375
"1805","Romana_Tabak",179,42131
"1806","Romina_Oprandi",172,1485345
"1807","Ronald_Agénor",180,2014601
"1808","Roscoe_Tanner",182.88,1696198
"1809","Rosemary_Casals",152.4,1362222
"1810","Ross_Hutchins",190,831609
"1811","Ross_William_Guignon",178,1870
"1812","Rossana_de_los_Ríos",170,1077550
"1813","Roxane_Vaisemberg",170,98481
"1814","Éric_Winogradsky",187,370072
"1815","Érik_Chvojka",185,163316
"1816","Ruben_Bemelmans",183,997971
"1817","Rubén_Ramírez_Hidalgo",183,2224859
"1818","Rui_Machado",177,896997
"1819","Rushmi_Chakravarthi",170,122524
"1820","Ruxandra_Dragomir",168,1861426
"1821","Ryan_Harrison_(tennis)",188,1929637
"1822","Ryan_Henry",182.88,27824
"1823","Ryan_Sachire",182.88,49419
"1824","Ryan_Shane",182.88,45889
"1825","Ryan_Sweeting",196,1024486
"1826","Ryler_DeHeart",182.88,214290
"1827","Ryōko_Fuda",165,185680
"1828","Réka-Luca_Jani",161,191153
"1829","Rüdiger_Haas",193,49741
"1830","Răzvan_Sabău",185,708886
"1831","Raluca_Olaru",173,936952
"1832","Raluca_Sandu",177,157333
"1833","Ramesh_Krishnan",170,1263130
"1834","Ramkumar_Ramanathan",188,37385
"1835","Ramón_Delgado",185,1385410
"1836","Raquel_Atawo",170,1615905
"1837","Raul_Viver",190,189118
"1838","Raven_Klaasen",180,1121733
"1839","Raúl_Ramírez",182,2217971
"1840","Rebecca_Llewellyn",165,58696
"1841","Rebecca_Marino",183,462287
"1842","Regina_Kulikova",183,438568
"1843","Renata_Kolbovic",168,185251
"1844","Renata_Voráčová",176,1331663
"1845","Rene_Simpson",165,485389
"1846","Renee_Blount",162.56,21074
"1847","Rennae_Stubbs",178,5198172
"1848","Renzo_Furlan",175,2449043
"1849","Renzo_Olivo",178,260196
"1850","Rhyne_Williams",188,437639
"1851","Ricardo_Acuña",175,291650
"1852","Ricardo_Hocevar",180,338030
"1853","Ricardo_Mello",175,1483919
"1854","Ricardo_Ycaza",183,133237
"1855","Riccardo_Ghedin",188,285373
"1856","Richard_Becker_(tennis)",198,37406
"1857","Richard_Bloomfield",185,347103
"1858","Richard_Gasquet",185,13574179
"1859","Richard_Krajicek",196,10077425
"1860","Richard_Muzaev",178,38021
"1861","Richard_Vogel",193,143874
"1862","Richey_Reneberg",180.34,4430108
"1863","Richèl_Hogenkamp",170,339738
"1864","Rick_Leach",187,4294454
"1865","Rik_de_Voest",180,1344871
"1866","Rika_Fujiwara",155,841899
"1867","Rika_Hiraki",157,852103
"1868","Riko_Sawayanagi",163,40383
"1869","Rita_Grande",177,1858558
"1870","Rita_Kuti-Kis",176,472961
"1871","Rachel_McQuillan",170,1622632
"1872","Radek_Štěpánek",185,10807456
"1873","Radomír_Vašek",188,418622
"1874","Radoslav_Lukaev",189,55014
"1875","Radu_Albot",175,529742
"1876","Raemon_Sluiter",185,1716082
"1877","Rafael_Arévalo",180,34239
"1878","Rafael_Nadal",185,76023547
"1879","Rainer_Schüttler",180,7407508
"1880","Rajeev_Ram",193,2701949
"1881","Åsa_Svensson",178,1569134
"1882","Óscar_Burrieza",170,317384
"1883","Óscar_Hernández_(tennis)",180,1929533
"1884","Óscar_Martínez_(tennis)",185,240000
"1885","Santiago_Giraldo",188,3773360
"1886","Santiago_González_(tennis)",190,1381337
"1887","Santiago_Ventura_Bertomeu",182,1240224
"1888","Saori_Obata",165,652031
"1889","Sara_Errani",164,12330961
"1890","Sara_Sorribes_Tormo",176,80939
"1891","Sarah_Pitkowski-Malcor",159,823787
"1892","Sarah_Taylor_(tennis)",175,294946
"1893","Sargis_Sargsian",180,2603732
"1894","Saša_Tuksar",180,158054
"1895","Scarlett_Werner",172,66387
"1896","Scott_Barron_(tennis)",180.34,34262
"1897","Scott_Davis_(tennis)",187,2287611
"1898","Scott_Draper",177,1594598
"1899","Scott_Lipsky",185,1436951
"1900","Scott_Warner_(tennis)",195.58,53917
"1901","Scoville_Jenkins",187.96,267163
"1902","Sebastian_Rieschick",188,158739
"1903","Sebastián_Decoud",177,328980
"1904","Sekou_Bangoura",183,71817
"1905","Selima_Sfar",166,876041
"1906","Septi_Mende",165,15278
"1907","Sergei_Demekhine",192,25848
"1908","Sergey_Betov",185,178078
"1909","Sergi_Bruguera",187,11632199
"1910","Sergio_Casal",185,2107745
"1911","Sergio_Cortés",170,247706
"1912","Sergio_Galdós",181,69835
"1913","Sergio_Roitman",185,1206782
"1914","Sergiy_Stakhovsky",193,4151744
"1915","Sesil_Karatantcheva",171,1143184
"1916","Shahar_Pe'er",170,5147581
"1917","Shahar_Perkiss",193,206224
"1918","Shannon_Golds",165,67836
"1919","Sharon_Fichman",163,620967
"1920","Shaun_Stafford",152.4,786504
"1921","Shelby_Rogers",175,744404
"1922","Shenay_Perry",170,837930
"1923","Sherwood_Stewart",187.96,1602565
"1924","Shikha_Uberoi",173,214908
"1925","Shinobu_Asagoe",170,1662261
"1926","Shlomo_Glickstein",188,588880
"1927","Shuko_Aoyama",154,432640
"1928","Shuzo_Matsuoka",188,1117112
"1929","Silvia_Farina_Elia",172,3688252
"1930","Silvia_Njirić",163,39907
"1931","Silvija_Talaja",173,1135876
"1932","Simon_Aspelin",185,2121037
"1933","Simon_Greul",185,1213267
"1934","Simon_Stadler",183,587223
"1935","Simona_Halep",168,11193052
"1936","Simona_Matei",166,84879
"1937","Simone_Bolelli",183,4305267
"1938","Simone_Colombo",180,289230
"1939","Simone_Vagnozzi",173,460823
"1940","Sjeng_Schalken",193,5192798
"1941","Sloane_Stephens",170,3706201
"1942","Slobodan_Živojinović",198,1450654
"1943","Sofia_Arvidsson",176,2090487
"1944","Sofie_Oyen",160,28185
"1945","Somdev_Devvarman",180,1419467
"1946","Sonchat_Ratiwatana",175,406240
"1947","Sonja_Molnar",165,26500
"1948","Sonya_Jeyaseelan",157,730722
"1949","Sophie_Ferguson",177,438917
"1950","Sophie_Lefèvre",170,244824
"1951","Sophie_Letcher",165,32161
"1952","Sorana_Cîrstea",176,3096920
"1953","Srinath_Prahlad",185,42470
"1954","Srinivasan_Vasudevan",190,66359
"1955","Sriram_Balaji",182,71038
"1956","Stan_Smith",193.04,1774811
"1957","Stan_Wawrinka",183,21155755
"1958","Stanislav_Vovk",185,67248
"1959","Stefan_Edberg",188,20630941
"1960","Stefan_Eriksson_(tennis)",193,105682
"1961","Stefan_Koubek",175,3074920
"1962","Stefan_Kozlov",183,81889
"1963","Stefanie_Vögele",168,1583486
"1964","Stefano_Galvani",178,694063
"1965","Stefano_Napolitano",188,15290
"1966","Stefano_Pescosolido",185,1657671
"1967","Stefano_Travaglia",185,81612
"1968","Steffi_Graf",176,21895277
"1969","Stephanie_Bengson",180,37245
"1970","Stephanie_Rehe",180,570146
"1971","Stephanie_Vogt",167,326854
"1972","Stephen_Huss_(tennis)",180,1010831
"1973","Steve_Campbell_(tennis)",182.88,484898
"1974","Steve_Darcis",177,2213063
"1975","Steve_Denton",187,1084664
"1976","Steve_Johnson_(tennis)",188,2189425
"1977","Saana_Saarteinen",175,4883
"1978","Sabina_Sharipova",175,93047
"1979","Sabine_Appelmans",168,2054352
"1980","Sabine_Hack",170,941566
"1981","Sabine_Lisicki",178,6424542
"1982","Sabrina_Santamaria",160,20398
"1983","Sacha_Jones",168,193622
"1984","Sachia_Vickery",162,279694
"1985","Sachie_Ishizu",164,96453
"1986","Saketh_Myneni",193,146625
"1987","Sally_Peers",162,160977
"1988","Salvador_Navarro",180,257406
"1989","Sam_Barry_(tennis)",188,40783
"1990","Sam_Groth",194,1434811
"1991","Sam_Querrey",198,6632989
"1992","Sam_Warburg",190.5,301995
"1993","Samantha_Crawford",187.96,276890
"1994","Samantha_Murray_(tennis)",178,173787
"1995","Samantha_Stosur",175,15122126
"1996","Sanam_Singh",175,100613
"1997","Sanchai_Ratiwatana",175,397622
"1998","Sander_Arends",196,23755
"1999","Sander_Groen",190,487.129
"2000","Sandon_Stolle",193,3762442
"2001","Sandra_Cecchini",169,1314473
"2002","Sandra_Dopfer",173,382801
"2003","Sandra_Kleinová",177,770761
"2004","Sandra_Klemenschits",173,261997
"2005","Sandra_Klösel",173,664310
"2006","Sandra_Martinović",174,136541
"2007","Sandra_Načuk",170,305150
"2008","Sandra_Samir",155,12918
"2009","Sandra_Zaniewska",172,125555
"2010","Sandra_Záhlavová",167,583310
"2011","Sandrine_Testud",176,3782307
"2012","Sandro_Ehrat",180,61848
"2013","Sandy_Gumulya",161,82455
"2014","Sandy_Mayer",178,1057783
"2015","Sania_Mirza",173,5860694
"2016","Sanja_Ančić",178,64537
"2017","Storm_Sanders",166,202297
"2018","Story_Tweedie-Yates",170.18,70393
"2019","Stuart_Bale",182.88,48554
"2020","Stéphane_Bohli",185,268555
"2021","Stéphane_Grenier_(tennis)",190,52788
"2022","Stéphane_Huet",180,529583
"2023","Stéphane_Robert",185,1494264
"2024","Stéphane_Simian",193,799723
"2025","Stéphanie_Cohen-Aloro",175,908427
"2026","Stéphanie_Dubois",162,902867
"2027","Stéphanie_Foretz",166,1834827
"2028","Suchanun_Viratprasert",168,143536
"2029","Sue_Barker",152.4,878701
"2030","Sun_Peng",184,69629
"2031","Sun_Shengnan",170,290257
"2032","Sun_Tiantian",175,1019657
"2033","Sunitha_Rao",170.18,238224
"2034","Suwandi_(tennis)",178,76231
"2035","Svetlana_Kuznetsova",174,19662090
"2036","Sybille_Bammer",174,1732746
"2037","Sylvia_Hanika",173,454347
"2038","Sylvia_Plischke",177,660386
"2039","Sándor_Noszály_(tennis)",193,376265
"2040","Sébastien_Grosjean",175,8131804
"2041","Sébastien_Lareau",182,2879682
"2042","Sébastien_de_Chaunac",182,547906
"2043","Séverine_Brémond_Beltrame",172,1149705
"2044","Sílvia_Soler_Espinosa",169,1774712
"2045","Thiago_Alves_(tennis)",177,581920
"2046","Thiemo_de_Bakker",193,1543645
"2047","Thierry_Ascione",187,1031961
"2048","Thierry_Champion",183,1255229
"2049","Thierry_Guardiola",188,525936
"2050","Thierry_Tulasne",177,1058412
"2051","Thomas_Enqvist",190,10461641
"2052","Thomas_Fabbiano",173,401939
"2053","Thomas_Högstedt",190,609935
"2054","Thomas_Johansson",180,7168029
"2055","Thomas_Muster",180,12252511
"2056","Thomas_Schoorel",202,264970
"2057","Thomaz_Bellucci",188,4230761
"2058","Tiago_Fernandes",188,22828
"2059","Tiffany_Welford",168,43367
"2060","Tigre_Hank",188,29563
"2061","Tim_Gullikson",152.4,1121880
"2062","Tim_Henman",185,11635542
"2063","Tim_Kopinski",183,4394
"2064","Tim_Mayotte",190,2663672
"2065","Tim_Smyczek",175.26,1300432
"2066","Tim_Wilkison",180.34,1289085
"2067","Timea_Bacsinszky",170,3599755
"2068","Timo_Nieminen",185,167767
"2069","Tina_Križan",175,868461
"2070","Tina_Pisnik",172,932577
"2071","Tina_Schiechtl",170,145075
"2072","Tobias_Clemens",185,95871
"2073","Tobias_Kamke",178,1945180
"2074","Todd_Larkham",178,306108
"2075","Todd_Martin",198.12,8254455
"2076","Todd_Reid",180,301844
"2077","Todd_Woodbridge",178,10095245
"2078","Tom_Gullikson",152.4,889492
"2079","Tom_Kočevar-Desman",180,31732
"2080","Tom_Okker",177,1257200
"2081","Tom_Vanhoudt",183,675139
"2082","Tomas_Behrend",193,977352
"2083","Tomas_Nydahl",185,671903
"2084","Tommy_Haas",188,13313605
"2085","Tommy_Ho",182.88,793819
"2086","Tommy_Paul_(tennis)",188,89707
"2087","Tommy_Robredo",180,12840068
"2088","Tomás_Carbonell",178,3157584
"2089","Tomáš_Anzari",180,335020
"2090","Tomáš_Berdych",196,24.119
"2091","Tomáš_Cibulec",180,721654
"2092","Tomáš_Zíb",177,1395646
"2093","Tomáš_Šmíd",191,3699738
"2094","Toni_Androić",173,143671
"2095","Tony_Mmoh",178,112557
"2096","Tony_Roche",177,529199
"2097","Torben_Theine",182.88,63641
"2098","Tore_Meinecke",180,242301
"2099","Toshihide_Matsui",180,194077
"2100","Tracy_Austin",165.1,2092380
"2101","Travis_Parrott",185,527632
"2102","Treat_Huey",178,946729
"2103","Trevor_Allan_(tennis)",178,79423
"2104","Tripp_Phillips",185,310312
"2105","Tristan-Samuel_Weissborn",183,50583
"2106","Tsvetana_Pironkova",180,3707338
"2107","Tucker_Vorster",196,24143
"2108","Tuomas_Ketola",185,656258
"2109","Tzipora_Obziler",172,530572
"2110","Tímea_Babos",179,1863394
"2111","T._J._Middleton",182,378226
"2112","Tadeja_Majerič",178,256918
"2113","Takanyi_Garanganga",185,61700
"2114","Takao_Suzuki",175,716820
"2115","Takuto_Niki",182,90650
"2116","Tamara_Čurović",179,14562
"2117","Tamarine_Tanasugarn",165,3471304
"2118","Tamaryn_Hendler",174,103828
"2119","Tamira_Paszek",165,2376587
"2120","Tammi_Patterson",167,148026
"2121","Tanja_Tuomi",171,1202
"2122","Tara_Moore",163,250467
"2123","Tara_Snyder",175,641324
"2124","Taro_Daniel",191,368218
"2125","Tathiana_Garbin",172,2661973
"2126","Tati_Rascón",191,190867
"2127","Tatiana_Golovin",175,1923053
"2128","Tatiana_Ignatieva",173,153169
"2129","Tatiana_Panova",153.5,1561661
"2130","Tatiana_Perebiynis",173,1148734
"2131","Tatiana_Poutchek",176,1366302
"2132","Tatjana_Maria",172,1362136
"2133","Tatsuma_Ito",180,1103688
"2134","Taylor_Dent",188,2563378
"2135","Taylor_Fritz",193,168701
"2136","Taylor_Townsend_(tennis)",170,472280
"2137","Teliana_Pereira",167,794348
"2138","Tennys_Sandgren",187.96,172897
"2139","Teodora_Mirčić",168,151315
"2140","Tereza_Hladíková",182,66785
"2141","Tereza_Mrdeža",173,222390
"2142","Tereza_Smitková",176,664637
"2143","Terry_Holladay",180.34,84186
"2144","Terry_Moor",178,776732
"2145","Teryn_Ashley",175.26,275086
"2146","Teymuraz_Gabashvili",188,3448128
"2147","Thanasi_Kokkinakis",196,664047
"2148","Udo_Riglewski",183,842211
"2149","Uladzimir_Ignatik",183,353603
"2150","Ulf_Stenlund",180,274501
"2151","Uros_Vico",187,301406
"2152","Urszula_Radwańska",177,1838538
"2153","Ľubomíra_Kurhajcová",180,366913
"2154","Łukasz_Kubot",190,4713037
"2155","Vadim_Kutsenko",180,296663
"2156","Vahid_Mirzadeh",178,48967
"2157","Valda_Lake",172.72,169985
"2158","Valentyna_Ivakhnenko",163,114120
"2159","Valeria_Savinykh",167,323833
"2160","Valeria_Solovyeva",168,194314
"2161","Valérie_Tétreault",170,158841
"2162","Van_Winitsky",183,408120
"2163","Vanessa_Menga",171,139973
"2164","Vanessa_Webb",180,345485
"2165","Vania_King",165,3613583
"2166","Varatchaya_Wongteanchai",169,156071
"2167","Varvara_Lepchenko",180,3348124
"2168","Vasek_Pospisil",193,3551651
"2169","Vasilis_Mazarakis",178,256787
"2170","Vasilisa_Bardina",169,236168
"2171","Veli_Paloheimo",182.88,353661
"2172","Venus_Williams",185.42,32638857
"2173","Vera_Dushevina",180,3184424
"2174","Vera_Zvonareva",172,13512165
"2175","Veronika_Kapshay",181,173512
"2176","Veronika_Martinek",160,410132
"2177","Verónica_Cepede_Royg",163,313545
"2178","Vesna_Dolonc",170,880653
"2179","Victor-Mugurel_Anagnastopol",193,27391
"2180","Victor_Amaya",200,694304
"2181","Victor_Crivoi",185,614504
"2182","Victor_Hănescu",198,4297051
"2183","Victor_Ioniță",185,141950
"2184","Victoria_Azarenka",183,26068236
"2185","Victoria_Duval",152.4,249103
"2186","Victoria_Larrière",168,137523
"2187","Victoria_Rodríguez",170,52215
"2188","Vijay_Amritraj",193.04,1331913
"2189","Vijay_Sundar_Prashanth",183,47206
"2190","Viktor_Galović",192,36143
"2191","Viktor_Troicki",193,6117964
"2192","Viktorija_Golubic",169,175465
"2193","Viktorija_Rajicic",170,65501
"2194","Viktoriya_Kutuzova",169,586580
"2195","Viktoriya_Tomova",167,51655
"2196","Viktória_Kužmová",180,10020
"2197","Vince_Spadea",183,5004680
"2198","Vincent_Millot",173,534647
"2199","Vincent_Van_Patten",180.34,433522
"2200","Violette_Huck",170,134004
"2201","Virginia_Ruano_Pascual",169,6076081
"2202","Virginia_Ruzici",173,1183728
"2203","Virginia_Wade",170.18,1542278
"2204","Virginie_Razzano",173,3280487
"2205","Virág_Csurgó",172,159856
"2206","Virág_Németh",172,76455
"2207","Vishnu_Vardhan",188,125875
"2208","Vitalia_Diatchenko",180,610572
"2209","Vitas_Gerulaitis",183,2778748
"2210","Vladimir_Gabrichidze",175,108548
"2211","Vladimir_Voltchkov",180,1309401
"2212","Vladimír_Pláteník",182.88,16656
"2213","Vladimíra_Uhlířová",165,871239
"2214","Vojislava_Lukić",175,63811
"2215","Víctor_Estrella_Burgos",173,1286742
"2216","Víctor_Pecci",193,994408
"2217","Wang_Qiang_(tennis)",174,568380
"2218","Wang_Shi-ting",170,775006
"2219","Wayne_Arthurs_(tennis)",190,3565838
"2220","Wayne_Black",170,3300258
"2221","Wayne_Ferreira",182,9969617
"2222","Wayne_Odesnik",180,1097781
"2223","Wendy_Turnbull",164,2769024
"2224","Werner_Eschauer",187,703610
"2225","Wesley_Moodie",196,2455112
"2226","Wesley_Whitehouse",190,191751
"2227","Wiltrud_Probst",170,823991
"2228","Wojciech_Fibak",182,2725403
"2229","Wolfgang_Popp",183,213504
"2230","Wolfgang_Schranz",178,168313
"2231","Wu_Di_(tennis)",173,427411
"2232","Wukirasih_Sawondari",173,32187
"2233","Wynne_Prakusya",160,549498
"2234","Xavier_Malisse",185,5626935
"2235","Xenia_Knoll",175,77619
"2236","Yu_Xinyuan",181,78457
"2237","Yuan_Meng",168,398845
"2238","Yuki_Bhambri",183,365526
"2239","Yulia_Putintseva",163,818604
"2240","Yuliana_Fedak",166,820161
"2241","Yuliana_Lizarazo",175,58076
"2242","Yuliya_Beygelzimer",174,872544
"2243","Yuri_Schukin",187,719319
"2244","Yuuki_Tanaka",160,52137
"2245","Yves_Allegro",183,768327
"2246","Yvonne_Meusburger",175,1384838
"2247","Yūichi_Sugita",173,672429
"2248","Yahiya_Doumbia",185,287231
"2249","Yan_Zi",171,1977871
"2250","Yana_Buchina",168,48605
"2251","Yang_Tsung-hua",178,334765
"2252","Yanina_Wickmayer",183,3770776
"2253","Yannick_Mertens",189,310794
"2254","Yannick_Noah",193,3440660
"2255","Yaroslava_Shvedova",180,4783748
"2256","Yasmin_Schnack",178,45952
"2257","Yayuk_Basuki",164,1665152
"2258","Yevgeny_Kafelnikov",190,17467844
"2259","Yoon_Yong-il",175,190990
"2260","Yoshihito_Nishioka",170,317304
"2261","Youlia_Fedossova",181,315681
"2262","Younes_El_Aynaoui",193,4002608
"2263","Zack_Fleishman",187.96,381160
"2264","Zarina_Diyas",172,1432049
"2265","Zeeshan_Ali",180,45664
"2266","Zeng_Shaoxuan",185,118412
"2267","Zhang_Ling_(tennis)",178,153327
"2268","Zhang_Shuai_(tennis)",176,1951942
"2269","Zhang_Ying_(tennis)",190,8513
"2270","Zhang_Yuxuan",179,100359
"2271","Zhang_Ze",188,492946
"2272","Zhang_Zhizhen",191,24059
"2273","Zheng_Jie",164,6157773
"2274","Zheng_Saisai",170,1092277
"2275","Zina_Garrison",164,4590816
"2276","Zsófia_Gubacsi",173,375640
"2277","Zsófia_Susányi",170,8071
"2278","Zuzana_Kučová",170,418032
"2279","Zuzana_Ondrášková",174,879679
